-- phpMyAdmin SQL Dump
-- version 4.7.0
-- https://www.phpmyadmin.net/
--
-- Host: 127.0.0.1
-- Generation Time: Mar 08, 2018 at 07:21 PM
-- Server version: 10.1.25-MariaDB
-- PHP Version: 5.6.31

SET SQL_MODE = "NO_AUTO_VALUE_ON_ZERO";
SET AUTOCOMMIT = 0;
START TRANSACTION;
SET time_zone = "+00:00";


/*!40101 SET @OLD_CHARACTER_SET_CLIENT=@@CHARACTER_SET_CLIENT */;
/*!40101 SET @OLD_CHARACTER_SET_RESULTS=@@CHARACTER_SET_RESULTS */;
/*!40101 SET @OLD_COLLATION_CONNECTION=@@COLLATION_CONNECTION */;
/*!40101 SET NAMES utf8mb4 */;

--
-- Database: `nlp`
--

-- --------------------------------------------------------

--
-- Table structure for table `auth_group`
--

CREATE TABLE `auth_group` (
  `id` int(11) NOT NULL,
  `name` varchar(80) NOT NULL
) ENGINE=InnoDB DEFAULT CHARSET=latin1;

-- --------------------------------------------------------

--
-- Table structure for table `auth_group_permissions`
--

CREATE TABLE `auth_group_permissions` (
  `id` int(11) NOT NULL,
  `group_id` int(11) NOT NULL,
  `permission_id` int(11) NOT NULL
) ENGINE=InnoDB DEFAULT CHARSET=latin1;

-- --------------------------------------------------------

--
-- Table structure for table `auth_permission`
--

CREATE TABLE `auth_permission` (
  `id` int(11) NOT NULL,
  `name` varchar(255) NOT NULL,
  `content_type_id` int(11) NOT NULL,
  `codename` varchar(100) NOT NULL
) ENGINE=InnoDB DEFAULT CHARSET=latin1;

--
-- Dumping data for table `auth_permission`
--

INSERT INTO `auth_permission` (`id`, `name`, `content_type_id`, `codename`) VALUES
(1, 'Can add log entry', 1, 'add_logentry'),
(2, 'Can change log entry', 1, 'change_logentry'),
(3, 'Can delete log entry', 1, 'delete_logentry'),
(4, 'Can add permission', 2, 'add_permission'),
(5, 'Can change permission', 2, 'change_permission'),
(6, 'Can delete permission', 2, 'delete_permission'),
(7, 'Can add group', 3, 'add_group'),
(8, 'Can change group', 3, 'change_group'),
(9, 'Can delete group', 3, 'delete_group'),
(10, 'Can add user', 4, 'add_user'),
(11, 'Can change user', 4, 'change_user'),
(12, 'Can delete user', 4, 'delete_user'),
(13, 'Can add content type', 5, 'add_contenttype'),
(14, 'Can change content type', 5, 'change_contenttype'),
(15, 'Can delete content type', 5, 'delete_contenttype'),
(16, 'Can add session', 6, 'add_session'),
(17, 'Can change session', 6, 'change_session'),
(18, 'Can delete session', 6, 'delete_session'),
(19, 'Can add document', 7, 'add_document'),
(20, 'Can change document', 7, 'change_document'),
(21, 'Can delete document', 7, 'delete_document');

-- --------------------------------------------------------

--
-- Table structure for table `auth_user`
--

CREATE TABLE `auth_user` (
  `id` int(11) NOT NULL,
  `password` varchar(128) NOT NULL,
  `last_login` datetime(6) DEFAULT NULL,
  `is_superuser` tinyint(1) NOT NULL,
  `username` varchar(150) NOT NULL,
  `first_name` varchar(30) NOT NULL,
  `last_name` varchar(30) NOT NULL,
  `email` varchar(254) NOT NULL,
  `is_staff` tinyint(1) NOT NULL,
  `is_active` tinyint(1) NOT NULL,
  `date_joined` datetime(6) NOT NULL
) ENGINE=InnoDB DEFAULT CHARSET=latin1;

-- --------------------------------------------------------

--
-- Table structure for table `auth_user_groups`
--

CREATE TABLE `auth_user_groups` (
  `id` int(11) NOT NULL,
  `user_id` int(11) NOT NULL,
  `group_id` int(11) NOT NULL
) ENGINE=InnoDB DEFAULT CHARSET=latin1;

-- --------------------------------------------------------

--
-- Table structure for table `auth_user_user_permissions`
--

CREATE TABLE `auth_user_user_permissions` (
  `id` int(11) NOT NULL,
  `user_id` int(11) NOT NULL,
  `permission_id` int(11) NOT NULL
) ENGINE=InnoDB DEFAULT CHARSET=latin1;

-- --------------------------------------------------------

--
-- Table structure for table `compactword`
--

CREATE TABLE `compactword` (
  `id` int(30) NOT NULL,
  `compactLetter` varchar(30) CHARACTER SET utf8 NOT NULL
) ENGINE=InnoDB DEFAULT CHARSET=latin1;

--
-- Dumping data for table `compactword`
--

INSERT INTO `compactword` (`id`, `compactLetter`) VALUES
(2, 'ক্ক'),
(3, 'ক্ট'),
(4, 'ক্ত'),
(5, 'ক্ত্র'),
(6, 'ক্ব'),
(7, 'ক্ম'),
(8, 'ক্য'),
(9, 'ক্র'),
(10, 'ক্ল'),
(11, 'ক্ষ'),
(12, 'ক্ষ্ণ'),
(13, 'ক্ষ্ম'),
(14, 'ক্ষ্য'),
(15, 'ক্স'),
(16, 'খ্য'),
(17, 'খ্র'),
(18, 'গ্ণ'),
(19, 'গ্ধ'),
(20, 'গ্ন'),
(21, 'গ্ন্য'),
(22, 'গ্বঃ'),
(23, 'গ্ম'),
(24, 'গ্য'),
(25, 'গ্র'),
(26, 'গ্র্য'),
(27, 'গ্ল'),
(28, 'ঘ্ন'),
(29, 'ঘ্য'),
(30, 'ঙ্ক'),
(31, 'ঙ্ক্য'),
(32, 'ঙ্খ'),
(33, 'ঙ্গ'),
(34, 'ঙ্গ'),
(35, 'ঙ্গ্য'),
(36, 'ঙ্ঘ'),
(37, 'ঙ্ঘ্য'),
(38, 'ঙ্ঘ্র'),
(39, 'ঙ্ম'),
(40, 'চ্চ'),
(41, 'চ্ছ'),
(42, 'চ্ছ্র'),
(43, 'চঙ'),
(44, 'চ্য'),
(45, 'জ্জ'),
(46, 'জ্জ্ব'),
(47, 'জ্ঝ'),
(48, 'জঙ'),
(49, 'জ্ব'),
(50, 'জ্য'),
(51, 'জ্র'),
(52, 'ঞ্চ'),
(53, 'ঞ্ছ'),
(54, 'ঞ্জ'),
(55, 'ঞ্ঝ'),
(56, 'ট্ট'),
(57, 'ট্ব'),
(58, 'ট্ম'),
(59, 'ট্য'),
(60, 'ট্র'),
(61, 'ড্ড'),
(62, 'ড্য'),
(63, 'ড্র'),
(64, 'ডগ'),
(65, 'ঢ্য'),
(66, 'ঢ্র'),
(67, 'ণ্ট'),
(68, 'ণ্ঠ'),
(69, 'ণ্ড'),
(70, 'ণ্ড্য'),
(71, 'ণ্ড্র'),
(72, 'ণ্ঢ'),
(73, 'ণ্ন'),
(74, 'ণ্ব'),
(75, 'ণ্ম'),
(76, 'ণ্য'),
(77, 'ত্ত'),
(78, 'ত্ত্ব'),
(79, 'ত্থ'),
(80, 'ত্ন'),
(81, 'ত্ব'),
(82, 'ত্ম'),
(83, 'ত্ম্য'),
(84, 'ত্য'),
(85, 'ত্র'),
(86, 'ত্র্য'),
(87, 'থ্ব'),
(88, 'থ্য'),
(89, 'থ্র'),
(90, 'দ্গ'),
(91, 'দ্ঘ'),
(92, 'দ্দ'),
(93, 'দ্দ্ব'),
(94, 'দ্ধ'),
(95, 'দ্ব'),
(96, 'দ্ভ'),
(97, 'দ্ম'),
(98, 'দ্য'),
(99, 'দ্র'),
(100, 'দ্র্য'),
(101, 'ধ্ন'),
(102, 'ধ্ব'),
(103, 'ধ্ম'),
(104, 'ধ্য'),
(105, 'ধ্র'),
(106, 'ন্ট'),
(107, 'ন্ঠ'),
(108, 'ন্ড'),
(109, 'ন্ত'),
(110, 'ন্ত্ব'),
(111, 'ন্ত্য'),
(112, 'ন্ত্র্য'),
(113, 'ন্থ'),
(114, 'ন্দ'),
(115, 'ন্দ্য'),
(116, 'ন্দ্ব'),
(117, 'ন্দ্র'),
(118, 'ন্ধ'),
(119, 'ন্ধ্য'),
(120, 'ন্ধ্র'),
(121, 'ন্ন'),
(122, 'ন্ব'),
(123, 'ন্ম'),
(124, 'ন্য'),
(125, 'প্ট'),
(126, 'প্ত'),
(127, 'প্ন'),
(128, 'প্প'),
(129, 'প্য'),
(130, 'প্র'),
(131, 'প্ল'),
(132, 'প্স'),
(133, 'ফ্র'),
(134, 'ফ্ল'),
(135, 'ব্য'),
(136, 'ব্দ'),
(137, 'ব্ধ'),
(138, 'ব্ব'),
(139, 'ব্য'),
(140, 'ব্র'),
(141, 'ব্ল'),
(142, 'ভ্য'),
(143, 'ভ্র'),
(144, 'ম্ন'),
(145, 'ম্প'),
(146, 'ম্প্র'),
(147, 'ম্ফ'),
(148, 'ম্ব'),
(149, 'ম্ভ'),
(150, 'ম্ভ্রঃ'),
(151, 'ম্ম'),
(152, 'ম্য'),
(153, 'ম্র'),
(154, 'ম্ল'),
(155, 'য্য'),
(156, 'র্ক'),
(157, 'র্খ'),
(158, 'র্গ'),
(159, 'র্ঘ'),
(160, 'র্চ'),
(161, 'র্ছ'),
(162, 'র্জ'),
(163, 'র্ঝ'),
(164, 'র্প'),
(165, 'র্ফ'),
(166, 'র্ব'),
(167, 'র্ভ'),
(168, 'র্ম'),
(169, 'র্ত'),
(170, 'র্থ'),
(171, 'র্দ'),
(172, 'র্ধ'),
(173, 'র্ন'),
(174, 'র্য'),
(175, 'র্ল'),
(176, 'র্স'),
(177, 'র্শ'),
(178, 'র্হ'),
(179, 'র্ট'),
(180, 'র্ঠ'),
(181, 'র্ড'),
(182, 'র্ঢ'),
(183, 'র্ণ'),
(184, 'র্ষ'),
(185, 'র্ড়'),
(186, 'র্ঢ়'),
(187, 'র্য়'),
(188, 'র্ৎ'),
(189, 'ল্ক'),
(190, 'ল্গ'),
(191, 'ল্ট'),
(192, 'ল্ড'),
(193, 'ল্প'),
(194, 'ল্ব'),
(195, 'ল্ভ'),
(196, 'ল্ম'),
(197, 'ল্য'),
(198, 'ল্ল'),
(199, 'শ্চ'),
(200, 'শ্ছ'),
(201, 'শ্ন'),
(202, 'শ্ব'),
(203, 'শ্ম'),
(204, 'শ্য'),
(205, 'শ্র'),
(206, 'শ্ল'),
(207, 'ষ্ক'),
(208, 'ষ্ক্র'),
(209, 'ষ্ট'),
(210, 'ষ্ট্য'),
(211, 'ষ্ট্র'),
(212, 'ষ্ঠ'),
(213, 'ষ্ঠ্য'),
(214, 'ষ্ণ'),
(215, 'ষ্প'),
(216, 'ষ্প্র'),
(217, 'ষ্ফ'),
(218, 'স্ক'),
(219, 'স্ক্র'),
(220, 'স্ট'),
(221, 'স্ট্র'),
(222, 'স্খ'),
(223, 'স্ত্য'),
(224, 'স্থ'),
(225, 'স্থ্য'),
(226, 'স্ন'),
(227, 'স্প'),
(228, 'স্ফ'),
(229, 'স্ব'),
(230, 'স্ম'),
(231, 'স্য'),
(232, 'স্র'),
(233, 'স্ল'),
(234, 'হ্ণ'),
(235, 'হ্ন'),
(236, 'হ্ব'),
(237, 'হ্ম'),
(238, 'হ্য'),
(239, 'হ্র'),
(240, 'হ্ল'),
(241, 'র্ক্য'),
(242, 'র্খ্য'),
(243, 'র্গ্য'),
(244, 'র্ঘ্য'),
(245, 'র্চ্য'),
(246, 'র্ছ্য'),
(247, 'র্জ্য'),
(248, 'র্ঝ্য'),
(249, 'র্ঞ্য'),
(250, 'র্ট্য'),
(251, 'র্ঠ্য'),
(252, 'র্ড্য'),
(253, 'র্ঢ্য'),
(254, 'র্ণ্য'),
(255, 'র্ত্য'),
(256, 'র্থ্য'),
(257, 'র্দ্য'),
(258, 'র্ধ্য'),
(259, 'র্ন্য'),
(260, 'র্প্য'),
(261, 'র্ফ্য'),
(262, 'র্ব্য'),
(263, 'র্ভ্য'),
(264, 'র্ম্য'),
(265, 'র্য্য'),
(266, 'র্ল্য'),
(267, 'র্শ্য'),
(268, 'র্ষ্য'),
(269, 'র্স্য'),
(270, 'র্হ্য');

-- --------------------------------------------------------

--
-- Table structure for table `core_document`
--

CREATE TABLE `core_document` (
  `id` int(11) NOT NULL,
  `description` varchar(255) NOT NULL,
  `document` varchar(100) NOT NULL,
  `uploaded_at` datetime(6) NOT NULL
) ENGINE=InnoDB DEFAULT CHARSET=latin1;

-- --------------------------------------------------------

--
-- Table structure for table `countword`
--

CREATE TABLE `countword` (
  `id` int(30) NOT NULL,
  `word` varchar(100) CHARACTER SET utf8 NOT NULL
) ENGINE=InnoDB DEFAULT CHARSET=latin1;

--
-- Dumping data for table `countword`
--

INSERT INTO `countword` (`id`, `word`) VALUES
(0, '﻿কখন'),
(1, 'কে'),
(2, 'জেনে'),
(3, 'ফেলে,'),
(4, 'কখন'),
(5, 'আমি'),
(6, 'ধরা'),
(7, 'পড়ে'),
(8, 'যাই'),
(9, 'বা'),
(10, 'কখন'),
(11, 'এটা'),
(12, 'এসে'),
(13, 'নিয়ে'),
(14, 'যায়—এমনি'),
(15, 'মানসিক'),
(16, 'যন্ত্রণায়'),
(17, 'আমি'),
(18, 'ভুগছিলাম।'),
(19, 'সূত্র:'),
(20, 'বাংলার'),
(21, 'বাণী,'),
(22, 'বিশেষ'),
(23, 'সংখ্যা,'),
(24, '১৯৭২'),
(25, 'রধানমন্ত্রী'),
(26, 'হিসেবে'),
(27, 'তাজউদ্দীন'),
(28, 'আহমদের'),
(29, 'প্রথম'),
(30, 'সরকারি'),
(31, 'নির্দেশের'),
(32, 'ঐতিহাসিক'),
(33, 'গুরুত্ব'),
(34, 'ছিল'),
(35, 'অপরিসীম।'),
(36, 'এতে'),
(37, 'দেশবাসীর'),
(38, 'প্রতি'),
(39, 'প্রধানমন্ত্রীর'),
(40, 'আহ্বান'),
(41, 'ছিল:'),
(42, 'আমি'),
(43, 'আবেগাপ্লুত'),
(44, 'হয়ে'),
(45, 'পড়েছি।');

-- --------------------------------------------------------

--
-- Table structure for table `django_admin_log`
--

CREATE TABLE `django_admin_log` (
  `id` int(11) NOT NULL,
  `action_time` datetime(6) NOT NULL,
  `object_id` longtext,
  `object_repr` varchar(200) NOT NULL,
  `action_flag` smallint(5) UNSIGNED NOT NULL,
  `change_message` longtext NOT NULL,
  `content_type_id` int(11) DEFAULT NULL,
  `user_id` int(11) NOT NULL
) ENGINE=InnoDB DEFAULT CHARSET=latin1;

-- --------------------------------------------------------

--
-- Table structure for table `django_content_type`
--

CREATE TABLE `django_content_type` (
  `id` int(11) NOT NULL,
  `app_label` varchar(100) NOT NULL,
  `model` varchar(100) NOT NULL
) ENGINE=InnoDB DEFAULT CHARSET=latin1;

--
-- Dumping data for table `django_content_type`
--

INSERT INTO `django_content_type` (`id`, `app_label`, `model`) VALUES
(1, 'admin', 'logentry'),
(3, 'auth', 'group'),
(2, 'auth', 'permission'),
(4, 'auth', 'user'),
(5, 'contenttypes', 'contenttype'),
(7, 'core', 'document'),
(6, 'sessions', 'session');

-- --------------------------------------------------------

--
-- Table structure for table `django_migrations`
--

CREATE TABLE `django_migrations` (
  `id` int(11) NOT NULL,
  `app` varchar(255) NOT NULL,
  `name` varchar(255) NOT NULL,
  `applied` datetime(6) NOT NULL
) ENGINE=InnoDB DEFAULT CHARSET=latin1;

--
-- Dumping data for table `django_migrations`
--

INSERT INTO `django_migrations` (`id`, `app`, `name`, `applied`) VALUES
(1, 'contenttypes', '0001_initial', '2018-01-24 16:23:12.297744'),
(2, 'auth', '0001_initial', '2018-01-24 16:23:12.929839'),
(3, 'admin', '0001_initial', '2018-01-24 16:23:13.099198'),
(4, 'admin', '0002_logentry_remove_auto_add', '2018-01-24 16:23:13.112250'),
(5, 'contenttypes', '0002_remove_content_type_name', '2018-01-24 16:23:13.218802'),
(6, 'auth', '0002_alter_permission_name_max_length', '2018-01-24 16:23:13.271298'),
(7, 'auth', '0003_alter_user_email_max_length', '2018-01-24 16:23:13.333535'),
(8, 'auth', '0004_alter_user_username_opts', '2018-01-24 16:23:13.348037'),
(9, 'auth', '0005_alter_user_last_login_null', '2018-01-24 16:23:13.389542'),
(10, 'auth', '0006_require_contenttypes_0002', '2018-01-24 16:23:13.394043'),
(11, 'auth', '0007_alter_validators_add_error_messages', '2018-01-24 16:23:13.406544'),
(12, 'auth', '0008_alter_user_username_max_length', '2018-01-24 16:23:13.464245'),
(13, 'core', '0001_initial', '2018-01-24 16:23:13.555842'),
(14, 'core', '0002_auto_20160801_0816', '2018-01-24 16:23:13.564851'),
(15, 'sessions', '0001_initial', '2018-01-24 16:23:13.602370');

-- --------------------------------------------------------

--
-- Table structure for table `django_session`
--

CREATE TABLE `django_session` (
  `session_key` varchar(40) NOT NULL,
  `session_data` longtext NOT NULL,
  `expire_date` datetime(6) NOT NULL
) ENGINE=InnoDB DEFAULT CHARSET=latin1;

-- --------------------------------------------------------

--
-- Table structure for table `permwordmeaning`
--

CREATE TABLE `permwordmeaning` (
  `id` int(100) NOT NULL,
  `bangla` varchar(100) CHARACTER SET utf8 NOT NULL,
  `english` varchar(100) CHARACTER SET utf8 NOT NULL
) ENGINE=InnoDB DEFAULT CHARSET=latin1;

--
-- Dumping data for table `permwordmeaning`
--

INSERT INTO `permwordmeaning` (`id`, `bangla`, `english`) VALUES
(1, 'Me', '?????'),
(2, 'She', '??'),
(3, 'He', '????'),
(4, 'আমি', 'I'),
(5, 'সেখানে', 'There'),
(6, 'যাওয়া', 'Go'),
(7, 'কি', 'What'),
(8, 'কোথায়', 'Where'),
(9, 'এখন', 'Now'),
(10, 'এই', 'This'),
(11, 'যে', 'That'),
(12, '﻿কখন', 'When'),
(13, 'কে', 'Who'),
(14, 'জেনে', 'Knowingly'),
(15, 'ফেলে', 'Drop it'),
(16, 'কখন', 'When'),
(17, 'ধরা', 'Caught'),
(18, 'পড়ে', 'Fall'),
(19, 'যাই', 'Come on'),
(20, 'বা', 'Or'),
(21, 'এটা', 'It\'s'),
(22, 'এসে', 'Come and come'),
(23, 'নিয়ে', 'About'),
(24, 'যায়—এমনি', 'Goes on'),
(25, 'মানসিক', 'Emotional'),
(26, 'যন্ত্রণায়', 'In pain'),
(27, 'ভুগছিলাম', 'I was suffering'),
(28, 'সূত্র', 'Formula'),
(29, 'বাংলার', 'Bengal'),
(30, 'বাণী', 'Speech'),
(31, 'বিশেষ', 'Special'),
(32, 'সংখ্যা', 'Number'),
(33, '১৯৭২', '১৯৭২'),
(34, 'রধানমন্ত্রী', 'Prime Minister'),
(35, 'হিসেবে', 'As it is'),
(36, 'তাজউদ্দীন', 'Tajuddin'),
(37, 'আহমদের', 'Ahmad'),
(38, 'প্রথম', 'The first'),
(39, 'সরকারি', 'Governmental'),
(40, 'নির্দেশের', 'Point of view'),
(41, 'ঐতিহাসিক', 'Historical'),
(42, 'গুরুত্ব', 'Importance'),
(43, 'ছিল', 'Was there'),
(44, 'অপরিসীম', 'Unlimited'),
(45, 'এতে', 'In it'),
(46, 'দেশবাসীর', 'Countrymen'),
(47, 'প্রতি', 'To every'),
(48, 'প্রধানমন্ত্রীর', 'Prime Minister'),
(49, 'আহ্বান', 'Call'),
(50, 'ভবিষ্যতে', 'In future'),
(51, 'হাওর', 'Haor'),
(52, 'ও', 'Re'),
(53, 'পার্বত্য', 'The hill'),
(54, 'চট্টগ্রামে', 'In Chittagong'),
(55, 'শিশুকিশোরদের', 'Children\'s Curers'),
(56, 'নৌকাস্কুল', 'Boat carriage'),
(57, 'কর্মসূচির', 'Program'),
(58, 'জন্য', 'For'),
(59, 'সহায়তা', 'Help'),
(60, 'অলিভিয়ার', 'Olivier'),
(61, 'সঙ্গে', 'With'),
(62, 'কথা', 'Talk about'),
(63, 'হয়েছে', 'Has been there'),
(64, 'ইউনিসেফের', 'Unicef'),
(65, 'এটাই', 'That\'s it'),
(66, 'তাঁর', 'His'),
(67, 'বাংলাদেশ', 'Bangladesh'),
(68, 'সফর', 'Tour'),
(69, 'বছরের', 'Year'),
(70, 'পর', 'After'),
(71, 'বছর', 'Year'),
(72, 'ধরে', 'Hold on'),
(73, 'তিনি', 'He'),
(74, 'প্রয়াত', 'Late'),
(75, 'স্বামীর', 'Husband'),
(76, 'শুরু', 'Start'),
(77, 'করা', 'Be done'),
(78, 'মানবিক', 'Humanitarian'),
(79, 'কর্মকাণ্ড', 'Activities'),
(80, 'অব্যাহত', 'Continuing'),
(81, 'রেখেছেন', 'Has kept'),
(82, 'কাজের', 'Work'),
(83, 'সুফল', 'Benefits'),
(84, 'পাবে', 'Get it'),
(85, 'বাংলাদেশের', 'Bangladesh'),
(86, 'শিশুরা', 'Children'),
(87, 'তিন', 'Three'),
(88, 'জর্জ', 'George'),
(89, 'হ্যারিসন', 'Harrison'),
(90, 'যখন', 'While'),
(91, 'দ্য', 'The'),
(92, 'কনসার্ট', 'Concert'),
(93, 'ফর', 'For'),
(94, 'আয়োজনের', 'Organized'),
(95, 'উদ্যোগ', 'Initiative'),
(96, 'নিয়েছিলেন', 'Took it'),
(97, 'তখন', 'Then'),
(98, 'বিটলেসর', 'Beatles'),
(99, 'সহশিল্পীদের', 'Co-workers'),
(100, 'সম্পর্ক', 'Relationship'),
(101, 'স্বস্তিকর', 'Healthier'),
(102, 'না', 'No'),
(103, 'তা', 'It'),
(104, 'সত্ত্বেও', 'Despite'),
(105, 'আত্মাভিমান', 'Self-respecting'),
(106, 'ত্যাগ', 'Leave'),
(107, 'করে', 'Do it'),
(108, 'সহশিল্পী', 'Co-worker'),
(109, 'বন্ধুদের', 'Friends'),
(110, 'যোগাযোগ', 'Contact Us'),
(111, 'কনসার্টে', 'Concert'),
(112, 'অংশ', 'Part'),
(113, 'নেওয়ার', 'Taking'),
(114, 'অনুরোধ', 'Request'),
(115, 'জানান', 'Told'),
(116, 'ড্রামার', 'Drama'),
(117, 'রিঙ্গো', 'Ringo'),
(118, 'স্টার', 'Star'),
(119, 'রাজি', 'Agree'),
(120, 'হয়েছিলেন', 'Had been'),
(121, 'এক', 'One'),
(122, 'কথায়', 'Words'),
(123, 'বিল', 'Bill'),
(124, 'প্রেস্টন', 'Preston'),
(125, 'লিওন', 'Leon'),
(126, 'রা', 'Ra'),
(127, 'বিভক্ত', 'Split'),
(128, 'আবিভক্তরুক্ষ', 'Undivided rough'),
(129, 'সুক্ষ', 'Thin'),
(130, 'ক্লেস', 'The clay'),
(131, 'ক্লাস', 'Classes'),
(132, 'ক্লিউপেট্রা', 'Cleopatra'),
(133, '﻿সম্পদ', 'Wealth'),
(134, 'কর', 'do'),
(135, 'বাংলাদেশে', 'In Bangladesh'),
(136, 'ইতিপূর্বে', 'Previously'),
(137, 'সম্পদ', 'Wealth'),
(138, 'প্রচলিত', 'Common'),
(139, 'কিন্তু', 'But then'),
(140, 'যৌক্তিক', 'Logical'),
(141, 'বিবেচিত', 'Considered'),
(142, 'হওয়ায়', 'Because of'),
(143, 'পরবর্তী', 'Next'),
(144, 'সময়ে', 'At times'),
(145, 'প্রত্যাহার', 'Recall'),
(146, 'নেওয়া', 'Taken'),
(147, 'ইদানীং', 'Lately'),
(148, 'রাজস্ব', 'Revenue'),
(149, 'বোর্ড', 'Board'),
(150, 'আবার', 'Again'),
(151, 'প্রবর্তনের', 'Introduction'),
(152, 'সুপারিশ', 'Recommendation'),
(153, 'করছে', 'Is doing'),
(154, 'সরকারের', 'Government'),
(155, 'বাড়বে', 'Grow up'),
(156, 'নাকি', 'Whether or not'),
(157, 'কর্মকর্তাদের', 'Officials'),
(158, 'আয়', 'Income'),
(159, 'একটি', 'A'),
(160, 'প্রশ্নসাপেক্ষ', 'Questionable'),
(161, 'বিষয়', 'Subject matter'),
(162, 'ছাড়া', 'Without'),
(163, 'বাজারমূল্যে', 'Market value'),
(164, 'সম্পত্তিকে', 'Property'),
(165, 'বিবেচনা', 'Consider'),
(166, 'করলে', 'Do it'),
(167, 'হবে', 'Will be'),
(168, 'ন্যায়নীতির', 'Justice'),
(169, 'পরিপন্থী', 'Contrary to'),
(170, 'কারণ', 'The reason'),
(171, 'অ্যাকাউন্টিং', 'Accounting'),
(172, 'ক্রয়মূল্যকে', 'Purchase price'),
(173, 'বিবেচনায়', 'Considering'),
(174, 'নেয়', 'Take it'),
(175, 'অন্যদিকে', 'On the other hand'),
(176, 'সম্পত্তির', 'Property'),
(177, 'মূল্যবৃদ্ধি', 'Price rise'),
(178, 'কখনো', 'Ever'),
(179, 'একজন', 'One'),
(180, 'ব্যক্তির', 'Person\'s'),
(181, 'কাছে', 'Near to'),
(182, 'নির্দেশিত', 'Indicated'),
(183, 'হয়', 'Is'),
(184, 'তাহলে', 'Then'),
(185, 'দেবেন', 'Give'),
(186, 'কোথা', 'Where?'),
(187, 'থেকে', 'From'),
(188, 'এমনিতে', 'By the way'),
(189, 'আয়ের', 'Income'),
(190, 'ওপর', 'About'),
(191, 'দিতে', 'To give'),
(192, 'তাই', 'So'),
(193, 'মাননীয়', 'Honorable'),
(194, 'অর্থমন্ত্রী', 'Finance Minister'),
(195, 'ঠিকই', 'Right'),
(196, 'বলেছেন', 'Said'),
(197, 'বিষয়টি', 'Matter'),
(198, 'আরও', 'More'),
(199, 'ভাবার', 'Think of'),
(200, 'দরকার', 'Needed'),
(201, 'এ', 'At the'),
(202, 'ক্ষেত্রে', 'In case'),
(203, 'জনমত', 'Public opinion'),
(204, 'যাচাই', 'Verify'),
(205, 'বিস্তারিত', 'Details'),
(206, 'আলোচনা', 'Discussion'),
(207, 'যেতে', 'To go'),
(208, 'পারে', 'May'),
(209, 'মোহাম্মদ', 'Mohammad'),
(210, 'দিদারুল', 'Didarul'),
(211, 'আলম', 'Alam'),
(212, 'আইস', 'ice'),
(213, 'ফ্যাক্টরি', 'Factory'),
(214, 'রোড', 'Road'),
(215, 'চট্টগ্রাম', 'Chittagong'),
(216, 'ফিরে', 'Back'),
(217, 'আসছে', 'Coming'),
(218, 'পলিথিন', 'Polythene'),
(219, 'অনেক', 'Many'),
(220, 'ঢাকঢোল', 'Dizzy'),
(221, 'পিটিয়ে', 'Beaten'),
(222, 'নিষিদ্ধ', 'Banned'),
(223, 'হলো', 'That\'s it'),
(224, 'কিছুদিন', 'For a while'),
(225, 'বলবৎ', 'In force'),
(226, 'থাকলও', 'Keep it'),
(227, 'বহাল', 'Continue'),
(228, 'তবিয়তে', 'At the end'),
(229, 'তারপর', 'Then then'),
(230, 'যা', 'Which'),
(231, 'আগে', 'Before'),
(232, 'এসেছে', 'Came'),
(233, 'বাজারেদোকানে', 'Market Stores'),
(234, 'দোকান', 'Shop'),
(235, 'কোনো', 'Any'),
(236, 'কিছু', 'Something'),
(237, 'কিনলেই', 'Buy it'),
(238, 'দোকানদার', 'Shopkeeper'),
(239, 'হাতে', 'In hand'),
(240, 'ধরিয়ে', 'To hold'),
(241, 'দেন', 'Give it'),
(242, 'কাগজের', 'Paper'),
(243, 'ঠোঙা', 'Thong'),
(244, 'চটের', 'Shorts'),
(245, 'ব্যাগ', 'Bag'),
(246, 'চোখে', 'In eye'),
(247, 'কী', 'What'),
(248, 'লাভ', 'Profit'),
(249, 'এত', 'So much'),
(250, 'পরিবেশবান্ধব', 'environment friendly'),
(251, 'নয়', 'Not'),
(252, 'বলে', 'Say'),
(253, 'হয়েছিল', 'Was done'),
(254, 'সেই', 'That'),
(255, 'জিনিসে', 'Things in'),
(256, 'বাজার', 'Market'),
(257, 'সয়লাব', 'Sublime'),
(258, 'হয়ে', 'Become'),
(259, 'যাচ্ছে', 'Going on'),
(260, 'তবু', 'Nevertheless'),
(261, 'কারও', 'Somebody'),
(262, 'টনক', 'Tonk'),
(263, 'নড়ে', 'Move'),
(264, 'নূরনবী', 'Nournabi'),
(265, 'বেলাল', 'Bilal'),
(266, 'উপশহর', 'Suburb'),
(267, 'রংপুর', 'Rangpur'),
(268, 'ফুটপাতে', 'At the footpath'),
(269, 'মোটরসাইকেল', 'Motorcycle'),
(270, 'জনসংখ্যা', 'Population'),
(271, 'বাড়ার', 'Growth'),
(272, 'বাড়ছে', 'Growing'),
(273, 'নানাবিধ', 'Manifold'),
(274, 'সমস্যা', 'Problem'),
(275, 'রাজধানী', 'The capital'),
(276, 'ঢাকা', 'Dhaka'),
(277, 'শহরের', 'City'),
(278, 'রাস্তাঘাটে', 'On the road'),
(279, 'যানজট', 'Traffic jam'),
(280, 'হারে', 'At the rate'),
(281, 'অকল্পনীয়', 'Unimaginable'),
(282, 'যানজটের', 'Traffic jam'),
(283, 'কারণে', 'Due to'),
(284, 'মানুষ', 'People'),
(285, 'সময়মতো', 'Timely'),
(286, 'অফিসে', 'In the office'),
(287, 'পারছেন', 'Can do'),
(288, 'কাজকর্ম', 'Activities'),
(289, 'শেষ', 'The end'),
(290, 'করতে', 'To do'),
(291, 'মোটরসাইকেলের', 'Motorcycle'),
(292, 'চালক', 'The driver'),
(293, 'দোকানিদের', 'Shopkeepers'),
(294, 'অত্যাচারে', 'Torture'),
(295, 'শনির', 'Saturn'),
(296, 'আখড়া', 'The akhada'),
(297, 'যাত্রাবাড়ী', 'Jatrabari'),
(298, 'সায়েদাবাদ', 'Saidabad'),
(299, 'গুলিস্তান', 'Gulistan'),
(300, 'মতিঝিল', 'Motijheel'),
(301, 'পল্টন', 'Paltan'),
(302, 'মালিবাগ', 'Malibag'),
(303, 'মৌচাক', 'Mochak'),
(304, 'মগবাজার', 'Magbazar'),
(305, 'সাতরাস্তা', 'Sataratta'),
(306, 'তিব্বত', 'Tibet'),
(307, 'মিরপুর', 'Mirpur'),
(308, 'এলাকা', 'Area'),
(309, 'তথা', 'Cum'),
(310, 'যেখানে', 'Where'),
(311, 'সাধারণ', 'General'),
(312, 'অতিষ্ঠ', 'Unhappy'),
(313, 'হেঁটে', 'Walk'),
(314, 'চলার', 'Walk'),
(315, 'উপায়', 'The way'),
(316, 'নেই', 'Not there'),
(317, 'চালাতে', 'To drive'),
(318, 'গিয়ে', 'Go to'),
(319, 'চালকেরা', 'Drivers'),
(320, 'ফুটপাতের', 'Sidewalks'),
(321, 'পথচারীকে', 'Pedestrians'),
(322, 'হেনস্তা', 'Hansta'),
(323, 'চলেছেন', 'Are going'),
(324, 'একটু', 'A little'),
(325, 'দেখলে', 'Seeing me'),
(326, 'ট্রাফিক', 'Traffic'),
(327, 'সিগন্যাল', 'Signal'),
(328, 'পড়লেই', 'Reading'),
(329, 'তাঁরা', 'They are'),
(330, 'রাস্তা', 'The road'),
(331, 'ছেড়ে', 'Leave it'),
(332, 'তুলে', 'Lift up'),
(333, 'হচ্ছে', 'Being'),
(334, 'পুলিশের', 'Police'),
(335, 'সামনেই', 'Front'),
(336, 'এর', 'Of it'),
(337, 'ফলে', 'As a result'),
(338, 'প্রতিনিয়ত', 'Every time'),
(339, 'ঘটছে', 'Is happening'),
(340, 'দুর্ঘটনা', 'Accident'),
(341, 'সবচেয়ে', 'Most of'),
(342, 'মানুষকে', 'The man'),
(343, 'বিরক্ত', 'Bothered'),
(344, 'হর্ন', 'Horne'),
(345, 'ফুটপাত', 'Footpaths'),
(346, 'দিয়ে', 'With'),
(347, 'হাঁটে', 'Walk'),
(348, 'তাদের', 'Theirs'),
(349, 'মাথায়', 'Head on'),
(350, 'থাকে', 'Remains'),
(351, 'নানা', 'Various'),
(352, 'রকমের', 'Kind of'),
(353, 'চিন্তা', 'Thinking'),
(354, 'ওই', 'That'),
(355, 'সময়', 'Time'),
(356, 'হঠাৎ', 'Suddenly'),
(357, 'পেছন', 'Behind'),
(358, 'বেজে', 'At all'),
(359, 'উঠলে', 'Get up'),
(360, 'শারীরিক', 'Physical'),
(361, 'বিপর্যয়', 'Disaster'),
(362, 'ঘটে', 'It happens'),
(363, 'এবং', 'And'),
(364, 'পথচারীরা', 'Pedestrians'),
(365, 'দুর্ঘটনার', 'Accident'),
(366, 'শিকার', 'The victim'),
(367, 'দ্বিতীয়ত', 'Secondly'),
(368, 'পথে', 'On the way'),
(369, 'চলাচলকারী', 'Walker'),
(370, 'মানুষের', 'People'),
(371, 'মধ্যে', 'In between'),
(372, 'অনেকেই', 'Many'),
(373, 'হার্টের', 'Heart'),
(374, 'রোগী', 'The patient'),
(375, 'বেড়ে', 'Increased'),
(376, 'যায়', 'Goes'),
(377, 'একদিকে', 'On the one hand'),
(378, 'ভাঙাচোরা', 'Broken'),
(379, 'দোকানিরাও', 'Shopkeepers'),
(380, 'দখল', 'Occupation'),
(381, 'রেখেছে', 'Has kept'),
(382, 'তার', 'Her'),
(383, 'পরও', 'After all'),
(384, 'যতটুকু', 'As much as'),
(385, 'পারা', 'Could'),
(386, 'চেষ্টা', 'Try'),
(387, 'চলতে', 'Continue'),
(388, 'তাও', 'Even so'),
(389, 'অসম্ভব', 'Impossible'),
(390, 'পড়েছে', 'Have read'),
(391, 'চলা', 'To walk'),
(392, 'ক্ষুদ্র', 'Small'),
(393, 'প্রতিবাদ', 'Protest'),
(394, 'করেও', 'To do'),
(395, 'ফল', 'Fruit'),
(396, 'পাওয়া', 'Found'),
(397, 'পুলিশ', 'Police'),
(398, 'ব্যাপারে', 'About the matter'),
(399, 'পদক্ষেপ', 'Step'),
(400, 'নিচ্ছে', 'Taking'),
(401, 'সুনজরে', 'Sigh'),
(402, 'দেখার', 'Visit'),
(403, 'সিটি', 'City'),
(404, 'করপোরেশন', 'Corporation'),
(405, 'যোগাযোগমন্ত্রী', 'Communications Minister'),
(406, 'যথাযথ', 'Appropriate'),
(407, 'কর্তৃপক্ষের', 'Authorities'),
(408, 'দৃষ্টি', 'Vision'),
(409, 'আকর্ষণ', 'The attraction'),
(410, 'করছি', 'I am doing'),
(411, '﻿এ', 'At the'),
(412, 'সবই', 'All this'),
(413, 'আমাদের', 'Ours'),
(414, 'বদভ্যাস', 'Bad habit'),
(415, 'অসচেতনতা।', 'Unconsciousness'),
(416, 'এমনিতেই', 'That\'s why'),
(417, 'আমরা', 'We are'),
(418, 'প্রাকৃতিক', 'Natural'),
(419, 'পরিবেশকে', 'Environment'),
(420, 'ধ্বংস', 'Destruction'),
(421, 'করার', 'To do'),
(422, 'সব', 'Everything'),
(423, 'রকম', 'Kind of'),
(424, 'যাচ্ছি,', 'Going on'),
(425, 'আসলে', 'Actually'),
(426, 'আমাদেরই', 'Ours'),
(427, 'ক্ষতি', 'Damage'),
(428, 'করছে।', 'Is doing'),
(429, 'সামান্য', 'Little'),
(430, 'হোক,', 'Yes,'),
(431, 'আসুন,', 'Come on,'),
(432, 'আপনাকে', 'To you'),
(433, 'দিয়েই', 'By the way'),
(434, 'হোক', 'Yes'),
(435, 'সচেতনতার', 'Awareness'),
(436, 'পদক্ষেপ,', 'Steps,'),
(437, 'যার', 'Whose'),
(438, 'সম্মিলনে', 'Concurrently'),
(439, 'সাধিত', 'Achieved'),
(440, 'বড়', 'Big'),
(441, 'কাজ।', 'Work'),
(442, 'মো.', 'Md.'),
(443, 'ইফতেখার', 'Iftekhar'),
(444, 'রহমান,', 'Rahman,'),
(445, 'নওগাঁ।', 'Naogaon'),
(446, 'আলোর', 'Lighting'),
(447, '২৪', '২৪'),
(448, 'এপ্রিল', 'April'),
(449, 'সংখ্যার', 'Numbers'),
(450, 'চতুর্থ', 'Fourth'),
(451, 'পৃষ্ঠায়', 'On page'),
(452, '‘প্রকল্প', '\'Project'),
(453, 'অনুমোদনের', 'Approval'),
(454, 'আগেই', 'Beforehand'),
(455, 'বাস্তবায়ন’', 'Implementation \''),
(456, 'শীর্ষক', 'Title'),
(457, 'সংবাদটি', 'The news'),
(458, 'আমার', 'Me'),
(459, 'দৃষ্টিগোচর', 'Appearance'),
(460, 'হয়েছে।', 'Has been there.'),
(461, 'সংবাদে', 'In the news'),
(462, 'উল্লেখ', 'Reference'),
(463, 'হয়েছে,', 'Has been'),
(464, 'অনুমোদন', 'Approval'),
(465, 'হওয়ার', 'To be'),
(466, 'প্রকল্প', 'Project'),
(467, 'বানিয়ে', 'Made by'),
(468, 'কাজ', 'Work'),
(469, 'করেছেন', 'Have done'),
(470, 'কয়েকজন', 'A few'),
(471, 'জনপ্রতিনিধি।', 'Public representatives'),
(472, 'তথ্য', 'Information'),
(473, 'সঠিক', 'Correct'),
(474, 'নয়।', 'Not.'),
(475, 'ইতিমধ্যে', 'Already'),
(476, 'সংসদ', 'Parliament'),
(477, 'সদস্যের', 'Member'),
(478, 'কোটায়', 'Quota'),
(479, '৯০', '৯০'),
(480, 'লাখ', 'Lakhs'),
(481, 'টাকার', 'Money'),
(482, 'উন্নয়ন', 'Development'),
(483, 'বরাদ্দের', 'Allocation'),
(484, 'প্রায়', 'Almost'),
(485, 'বিধি', 'Rules'),
(486, 'মোতাবেক', 'According to'),
(487, 'বিলও', 'Bills'),
(488, 'বহুলাংশে', 'In large numbers'),
(489, 'পরিশোধ', 'Payment'),
(490, 'গেছে', 'Has gone'),
(491, 'মর্মে', 'In effect'),
(492, 'জানতে', 'To know'),
(493, 'পেরেছি।', 'Made it possible.'),
(494, 'তৈরি', 'Made'),
(495, 'যেসব', 'Which are'),
(496, 'জনপ্রতিনিধির', 'Representative Representative'),
(497, 'উদ্ধৃতি', 'Quote'),
(498, 'দেওয়া', 'Paid'),
(499, 'প্রকল্পের', 'Project'),
(500, 'বিষয়ে,', 'Concerning'),
(501, 'তাঁদের', 'Theirs'),
(502, 'ধরনের', 'Kind of'),
(503, 'হয়নি।', 'Not done.'),
(504, 'বক্তব্য', 'Speech'),
(505, 'প্রকাশ', 'Publication'),
(506, 'সে', 'She'),
(507, 'কথাও', 'Talk too'),
(508, 'প্রতিবেদকের', 'Reporter'),
(509, 'সংবাদ', 'News'),
(510, 'প্রতিবেদক', 'Reporter'),
(511, 'সম্পূর্ণ', 'Complete'),
(512, 'মনগড়াভাবে', 'Deliberately'),
(513, 'করেছেন।', 'Have done'),
(514, 'উপজেলা', 'Upazila'),
(515, 'বিএনপির', 'BNP'),
(516, 'সাবেক', 'The former'),
(517, 'সভাপতি', 'President'),
(518, 'যাঁর', 'Whose'),
(519, 'তাঁকে', 'Him'),
(520, 'শৃঙ্খলা', 'Discipline'),
(521, 'ভঙ্গের', 'Breaks'),
(522, 'অভিযোগে', 'In charge'),
(523, 'দল', 'Party'),
(524, 'বহিষ্কার', 'Expulsion'),
(525, 'নেতা-কর্মীদের', 'Leaders-workers'),
(526, 'বিভ্রান্তি', 'Confusion'),
(527, 'সৃষ্টির', 'Creation'),
(528, 'অসৎ', 'Dishonest'),
(529, 'উদ্দেশ্যে', 'Intended for'),
(530, 'মনগড়া', 'Mysterious'),
(531, 'তথ্যসংবলিত', 'Information gathered'),
(532, 'সংবাদের', 'News source'),
(533, 'জানাচ্ছি।', 'Let me know'),
(534, 'আবু', 'Abu'),
(535, 'তালেব,', 'Taleb,'),
(536, 'সম্পাদক', 'Editor'),
(537, 'জাতীয়তাবাদী', 'Nationalist'),
(538, 'পরশুরাম', 'Parshuram'),
(539, 'শাখা,', 'Branch,'),
(540, 'ফেনী।', 'Feni'),
(541, 'পাকিস্তান', 'Pakistan'),
(542, 'ক্ষমা', 'Forgiveness'),
(543, 'চাইবে', 'Want to'),
(544, 'কবে?', 'When?'),
(545, '‘পাকিস্তান’', '\'Pakistan\''),
(546, 'শব্দটি', 'The word'),
(547, 'শুনলেই', 'I heard it'),
(548, 'চোখের', 'Eyes'),
(549, 'সামনে', 'Front'),
(550, 'ভেসে', 'Float'),
(551, 'ওঠে', 'Got up'),
(552, 'বিভীষিকাময়', 'Horrific'),
(553, 'একাত্তর;', 'Seventy one;'),
(554, 'বাঙালির', 'Bengalis'),
(555, 'রক্ত', 'Blood'),
(556, 'হননের', 'Hunting'),
(557, 'ইতিহাসধিকৃত', 'History is shocked'),
(558, 'কালো', 'Black'),
(559, 'অধ্যায়।', 'Section.'),
(560, '৩০', '৩০'),
(561, 'প্রাণ', 'Life'),
(562, 'দুই', 'Two'),
(563, 'মা-বোনের', 'Mother and sister'),
(564, 'ইজ্জত', 'Respect'),
(565, 'হারানোর', 'Losing'),
(566, 'শোকাবহ', 'Mourning'),
(567, 'করুণতম', 'The mighty'),
(568, 'অধ্যায়ের', 'Section'),
(569, 'নাম', 'Name'),
(570, 'একাত্তর।', 'Seventy-two'),
(571, 'গণহত্যা', 'Genocide'),
(572, 'আর', 'More'),
(573, 'বর্বরতার', 'Brutality'),
(574, 'এমন', 'Such'),
(575, 'নজির', 'Precedence'),
(576, 'পৃথিবীর', 'Earth\'s'),
(577, 'ইতিহাসে', 'In history'),
(578, 'বিরল।', 'Rare'),
(579, 'মাটিতে', 'On the ground'),
(580, 'এখনো', 'Yet'),
(581, 'দগদগে', 'Dagdag'),
(582, 'ক্ষত', 'Wound'),
(583, 'বয়ে', 'Carry'),
(584, 'বেড়ান', 'Wandering'),
(585, 'কত', 'how many'),
(586, 'মুক্তিযোদ্ধা', 'Freedom fighter'),
(587, 'হূদয়ে;', 'Hudaye;'),
(588, 'মা', 'Mother'),
(589, 'আজও', 'Even today'),
(590, 'বিলাপ', 'Lamentation'),
(591, 'করেন', 'Do it'),
(592, 'সন্তান', 'Children'),
(593, 'শোকে।', 'Grief'),
(594, 'হূদয়বিদারক', 'Heartbeat'),
(595, 'ইতিহাস', 'History'),
(596, 'ভুলি', 'Forget it'),
(597, 'করে?', 'Does it?'),
(598, 'মুক্তিযুদ্ধ', 'Liberation war'),
(599, 'দেখিনি।', 'Did not see'),
(600, 'দেখিনি', 'Did not see'),
(601, 'ধ্বংসযজ্ঞ,', 'Destruction,'),
(602, 'রূপ।', 'Form'),
(603, 'অনুভব', 'Feel'),
(604, 'করেছি।', 'Have done'),
(605, 'অনুধাবন', 'Understand'),
(606, 'করেছি', 'Have done'),
(607, 'শিল্পীর', 'Artists'),
(608, 'রং-তুলির', 'Color-puff'),
(609, 'ক্যানভাস,', 'Canvas,'),
(610, 'পত্রপত্রিকা,', 'Magazines,'),
(611, 'প্রামাণ্যচিত্র', 'Documentary film'),
(612, 'কিংবা', 'Neither'),
(613, 'গণমাধ্যমের', 'Media'),
(614, 'বদৌলতে।', 'In order'),
(615, 'দুঃখ', 'Sorrow'),
(616, 'তখনই,', 'Just then,'),
(617, 'দেশের', 'Country'),
(618, 'একশ্রেণীর', 'One class'),
(619, 'পাকিস্তানপ্রেমী', 'Pakistan lover'),
(620, 'দুপেয়ে', 'Two-footed'),
(621, 'প্রাণীদের', 'Animals'),
(622, 'দেখি', 'Let\'s see'),
(623, 'জন্ম', 'The birth'),
(624, 'নিয়ে,', 'With'),
(625, 'রস-গন্ধ-সুধা', 'Juice-smell-relief'),
(626, 'গায়ে', 'On the body'),
(627, 'মেখে,', 'By the way,'),
(628, 'আলো-বাতাসে', 'Light-air'),
(629, 'উঠছে', 'Getting up'),
(630, 'যাদের', 'Whom'),
(631, 'শরীর,', 'Body,'),
(632, 'তারাই', 'They are'),
(633, 'কিনা', 'Whether'),
(634, 'অকুণ্ঠ', 'Frankly'),
(635, 'সমর্থনের', 'Support'),
(636, 'পরিবর্তে', 'Instead'),
(637, 'একসময়ের', 'One time'),
(638, 'পাপীষ্ঠ', 'Sinful'),
(639, 'শত্রুকে', 'The enemy'),
(640, 'পরমভাবে', 'Ultimately'),
(641, 'বুকে', 'Chest'),
(642, 'লালন', 'Rearing'),
(643, 'করে।', 'Do it.'),
(644, 'লাগে', 'Takes it'),
(645, 'এদের', 'Theirs'),
(646, 'পাকিস্তানপ্রীতি', 'Pakistan Preeti'),
(647, 'দেখে।', 'Look at'),
(648, 'ক্রিকেটে', 'In cricket'),
(649, 'তো', 'So'),
(650, 'বটেই,', 'By the way,'),
(651, 'পাকিস্তানকে', 'Pakistan'),
(652, 'অগ্রাধিকার', 'Priority'),
(653, 'দেখে', 'Look at'),
(654, 'সত্যিই', 'Really'),
(655, 'অবাক', 'Astonishment'),
(656, 'হই।', 'Am.'),
(657, 'যারা', 'Who'),
(658, 'স্বাধীনতার', 'Freedom'),
(659, '৪০', '৪০'),
(660, 'জঘন্য', 'Shocking'),
(661, 'কৃতকর্মের', 'Doing the work'),
(662, 'অনুতপ্ত', 'Regretful'),
(663, 'নয়,', 'Not,'),
(664, 'প্রার্থনা', 'Pray'),
(665, 'দূরের', 'Away'),
(666, 'কথা,', 'Talk,'),
(667, 'অসমর্থিত', 'Unsupported'),
(668, 'কথাবার্তা', 'Conversation'),
(669, 'চলে,', 'Walks,'),
(670, 'মাতামাতি', 'Maternity'),
(671, 'শহীদদের', 'Martyrs'),
(672, 'অবজ্ঞা', 'Disgust'),
(673, 'অসম্মান', 'Disrespect'),
(674, 'শহীদের', 'Martyr'),
(675, 'আত্মা', 'The soul'),
(676, 'সেদিনই', 'That day'),
(677, 'শান্তি', 'Peace'),
(678, 'পাবে,', 'Will get'),
(679, 'যেদিন', 'That day'),
(680, 'সত্যিকার', 'Really'),
(681, 'অর্থে', 'In the sense'),
(682, 'আনুষ্ঠানিকভাবে', 'Officially'),
(683, 'করবে।', 'Will do'),
(684, 'উপশহর,', 'Suburb,'),
(685, 'রংপুর।', 'Rangpur'),
(686, 'অবহেলিত', 'Neglected'),
(687, 'চারু', 'Charu'),
(688, 'কারুকলা', 'Curiosity'),
(689, '২২', '২২'),
(690, '২০১১', '২০১১'),
(691, 'চিঠিপত্র', 'Letters'),
(692, 'কলামে', 'Column'),
(693, 'জনৈক', 'One'),
(694, 'শিক্ষকের', 'Teacher\'s'),
(695, 'চারুকলা', 'Fine Arts'),
(696, 'বিষয়ে', 'Concerning'),
(697, 'লেখাটির', 'Of the text'),
(698, 'একমত', 'Agreed'),
(699, 'করছি।', 'I am doing'),
(700, 'নিছক', 'Merely'),
(701, 'ছবি', 'Picture'),
(702, 'আঁকা', 'Draw'),
(703, 'বিজ্ঞান', 'Science'),
(704, 'প্রয়োজনীয়তা', 'Requirements'),
(705, 'আছে।', 'Have there.'),
(706, 'বাণিজ্যিক', 'Commercial'),
(707, 'বিভিন্ন', 'Different'),
(708, 'আছে', 'Have there'),
(709, 'প্রয়োজনীয়তা,', 'Requirements,'),
(710, 'প্রত্নতত্ত্ব', 'Archeology'),
(711, 'বিষয়েও।', 'Also about'),
(712, 'সমসাময়িক', 'Contemporary'),
(713, 'কার্টুনিস্ট', 'Cartoonist'),
(714, 'কলমের', 'Pen'),
(715, 'কয়েকটি', 'A few'),
(716, 'আঁচড়ে', 'Coarse'),
(717, 'সহজভাবে', 'Simply'),
(718, 'সর্বসাধারণকে', 'Public'),
(719, 'বোঝাতে', 'To mean'),
(720, 'সক্ষম,', 'Capable'),
(721, 'লেখক', 'The author'),
(722, 'বেশ', 'Pretty much'),
(723, 'বাক্যেও', 'In sentences'),
(724, 'সক্ষম', 'Capable'),
(725, 'হন', 'Become'),
(726, 'না।', 'No'),
(727, 'উল্লেখ্য,', 'Note that,'),
(728, 'নাটোর', 'Natore'),
(729, 'বালিকা', 'Girl'),
(730, 'উচ্চবিদ্যালয়ের', 'High school'),
(731, 'ছাত্রীর', 'Student'),
(732, 'অভিভাবক।', 'Guardian'),
(733, 'শুনলাম,', 'I heard,'),
(734, 'চারুকলায়', 'In the arts'),
(735, 'প্রাপ্ত', 'Obtained'),
(736, 'নম্বর', 'Number'),
(737, 'মার্কশিটে', 'Markshit'),
(738, 'ওঠানো', 'Move up'),
(739, 'হবে,', 'Will be'),
(740, 'মোট', 'Total'),
(741, 'নম্বরের', 'Numbers'),
(742, 'যোগ', 'Added'),
(743, 'বোধগম্য', 'Understandable'),
(744, 'কারণ,', 'Because,'),
(745, 'সপ্তম', 'Seventh'),
(746, 'শ্রেণী', 'Class'),
(747, 'পর্যন্ত', 'Till'),
(748, 'আবশ্যিক', 'Mandatory'),
(749, 'নিয়মিত', 'Regular'),
(750, 'হয়,', 'Either,'),
(751, 'পরীক্ষা', 'Test'),
(752, 'হয়;', 'Is either;'),
(753, 'অথচ', 'But'),
(754, 'কেমন', 'How about'),
(755, 'যদি', 'If'),
(756, 'মূল্যায়ন', 'Evaluation'),
(757, 'বিষয়ের', 'The subject'),
(758, 'ছাত্রছাত্রী', 'Students'),
(759, 'শিক্ষকদের', 'Teachers'),
(760, 'আগ্রহ', 'Interest'),
(761, 'থাকবে', 'Will be there'),
(762, 'কেন?', 'Why?'),
(763, 'সংশ্লিষ্ট', 'Related'),
(764, 'আবেদন,', 'Application,'),
(765, 'বিষয়টিকে', 'The matter'),
(766, 'অবহেলা', 'Negligence'),
(767, 'বিষয়টির', 'The subject'),
(768, 'ব্যবস্থা', 'Arrangement'),
(769, 'হোক।', 'Yes'),
(770, 'শফিউর', 'Shafir'),
(771, 'নাটোর।', 'Natore'),
(772, 'ছিল,', 'Was there'),
(773, 'বাড়বে,', 'Increase,'),
(774, 'বিষয়।', 'Subject matter'),
(775, 'পরিপন্থী।', 'Contrary to.'),
(776, 'নেয়।', 'Take it.'),
(777, 'থেকে?', 'From?'),
(778, 'হয়।', 'Is.'),
(779, 'বলেছেন,', 'Said,'),
(780, 'দরকার।', 'Needed.'),
(781, 'পারে।', 'May'),
(782, 'রোড,', 'Road,'),
(783, 'চট্টগ্রাম।', 'Chittagong.'),
(784, 'পলিথিন।', 'Polythene'),
(785, 'তবিয়তে।', 'At the end'),
(786, 'তারপর?', 'Then?'),
(787, 'আগে,', 'Before,'),
(788, 'তা-ই', 'So'),
(789, 'এসেছে।', 'Came.'),
(790, 'বাজারে-দোকানে', 'Market-stores'),
(791, 'ইদানীং।', 'Lately'),
(792, 'পিটিয়ে?', 'Beaten?'),
(793, 'হয়েছিল।', 'Was done.'),
(794, 'যাচ্ছে,', 'Going on'),
(795, 'বেলাল,', 'Belal,'),
(796, 'সমস্যা।', 'Problem.'),
(797, 'করে,', 'By doing,'),
(798, 'বাড়ছে,', 'Growing,'),
(799, 'অকল্পনীয়।', 'Unimaginable'),
(800, 'না,', 'No,'),
(801, 'আখড়া,', 'Akhada,'),
(802, 'যাত্রাবাড়ী,', 'Jatrabari,'),
(803, 'সায়েদাবাদ,', 'Sayedabad,'),
(804, 'গুলিস্তান,', 'Gulistan,'),
(805, 'মতিঝিল,', 'Motijheel,'),
(806, 'পল্টন,', 'Platoon,'),
(807, 'মালিবাগ,', 'Malibag,'),
(808, 'মৌচাক,', 'Honeycomb,'),
(809, 'মগবাজার,', 'Magbazar,'),
(810, 'সাতরাস্তা,', 'Satarasta,'),
(811, 'এলাকা;', 'Area;'),
(812, 'অতিষ্ঠ।', 'Unhappy'),
(813, 'নেই।', 'Not there.'),
(814, 'চলেছেন।', 'Are going'),
(815, 'দেন।', 'Give it.'),
(816, 'সামনেই।', 'Front'),
(817, 'দুর্ঘটনা।', 'Accident.'),
(818, 'হর্ন।', 'Horne.'),
(819, 'হাঁটে,', 'Walk,'),
(820, 'চিন্তা।', 'Thinking'),
(821, 'রোগী।', 'The patient.'),
(822, 'যায়।', 'Goes.'),
(823, 'ভাঙাচোরা,', 'Vandalized'),
(824, 'রেখেছে।', 'Has kept'),
(825, 'যায়,', 'Goes,'),
(826, 'চলতে।', 'Continue'),
(827, 'তা-ও', 'So-and-so'),
(828, 'পড়েছে।', 'Have read.'),
(829, 'করপোরেশন,', 'Corporation,'),
(830, 'নিম্নমানের', 'Low quality'),
(831, 'ধারাভাষ্য', 'Commentary'),
(832, 'গত', 'Past'),
(833, '২৭', '২৭'),
(834, 'বিভাগে', 'In the section'),
(835, '‘বিটিভির', 'BTV\'s'),
(836, 'ধারাভাষ্য’', 'Commentary \''),
(837, 'শিরোনামে', 'In the headline'),
(838, 'লেখা', 'Writing'),
(839, 'উদ্বুদ্ধ', 'Incentive'),
(840, 'বলতে', 'To say'),
(841, 'চাই,', 'Like,'),
(842, 'বেতারও', 'Radio also'),
(843, 'দীর্ঘদিন', 'Long time'),
(844, 'দেশ-বিদেশের', 'Country and abroad'),
(845, 'মাঠ', 'Field'),
(846, 'খেলার', 'Play'),
(847, 'ধারাবিবরণী', 'Section'),
(848, 'সরাসরি', 'Directly'),
(849, 'সম্প্রচার', 'Broadcast'),
(850, 'আসছে।', 'Coming.'),
(851, 'শ্রোতারা', 'The audience'),
(852, 'গভীর', 'Deep'),
(853, 'উদ্বেগের', 'Concern'),
(854, 'লক্ষ', 'Lakhs'),
(855, 'সাম্প্রতিক', 'Recent'),
(856, 'বেতারে', 'Radio'),
(857, 'খুব', 'Too much'),
(858, 'হচ্ছে।', 'Being'),
(859, 'বেতারের', 'Wireless'),
(860, 'শুরুর', 'Start'),
(861, 'দিকের', 'Side direction'),
(862, 'ধারাভাষ্যকার', 'Commentator'),
(863, 'প্রবীণ', 'Old'),
(864, 'হয়েছেন', 'Have been'),
(865, 'বেশির', 'Most of them'),
(866, 'ভাগের', 'Share'),
(867, 'বয়স', 'Age'),
(868, 'সত্তরোর্ধ্ব।', 'Seventy-two'),
(869, 'বেতার', 'Wireless'),
(870, 'কর্তৃপক্ষ', 'Authorities'),
(871, 'দিনের', 'Day of the day'),
(872, 'দিন', 'Day'),
(873, 'প্রচারের', 'Promotion'),
(874, 'করাচ্ছে।', 'Doing'),
(875, 'এসব', 'These'),
(876, 'ক্রীড়া', 'Sports'),
(877, 'ভাষ্যকার', 'Commentator'),
(878, 'যৌবনে', 'Youth'),
(879, 'ভালো', 'Good'),
(880, 'জনপ্রিয়তা', 'Popularity'),
(881, 'অর্জন', 'Achievement'),
(882, 'করলেও,', 'However,'),
(883, 'বর্তমানে', 'Currently'),
(884, 'বার্ধক্যজনিত', 'Old age'),
(885, 'দৃষ্টিশক্তি', 'Eyesight'),
(886, 'লোপ', 'Disappear'),
(887, 'পাওয়ায়', 'Got me'),
(888, 'কমেন্ট্রি', 'Commentary'),
(889, 'বক্সে', 'In box'),
(890, 'বসে', 'Sit down'),
(891, 'মাঠের', 'The field'),
(892, 'খেলোয়াড়দের', 'Players'),
(893, 'সঠিকভাবে', 'Correctly'),
(894, 'চিনতে', 'Recognize'),
(895, 'স্মৃতিশক্তি', 'Retention'),
(896, 'দুর্বল', 'Weaker'),
(897, 'ধারাবাহিক', 'Successive'),
(898, 'গতিতে', 'At speed'),
(899, 'প্রদান', 'Provide'),
(900, 'ব্যর্থ', 'Failed'),
(901, 'হচ্ছেন।', 'Are going'),
(902, 'আশা', 'Hope'),
(903, 'করি,', 'I do,'),
(904, 'ধারাবর্ণনার', 'Section'),
(905, 'মানের', 'Quality'),
(906, 'সজাগ', 'Wake up'),
(907, 'সচেতন', 'Aware'),
(908, 'হবে।', 'Will be'),
(909, 'আতাউর', 'Ataur'),
(910, 'বিশ্ববিদ্যালয়।', 'The university'),
(911, 'অপপ্রচার', 'Propaganda'),
(912, 'জেলা', 'District'),
(913, 'রাঙামাটির', 'Rangamati'),
(914, 'ঐতিহ্যবাহী', 'Traditional'),
(915, 'রাজবন', 'Rajban'),
(916, 'বিহার', 'Bihar'),
(917, 'বৌদ্ধ', 'Buddhists'),
(918, 'ধর্মাবলম্বীদের', 'Goddess'),
(919, 'অন্যতম', 'One of the most important'),
(920, 'তীর্থস্থান।', 'Pilgrimage'),
(921, 'শুধু', 'Only'),
(922, 'তীর্থস্থান', 'Pilgrimage'),
(923, 'বললে', 'Say'),
(924, 'ভুল', 'Wrong'),
(925, 'বলা', 'To say'),
(926, 'অন্যান্য', 'Other'),
(927, 'ধর্মাবলম্বীর', 'Goddess'),
(928, 'জন্যও', 'Also for'),
(929, 'আকর্ষণীয়', 'Interesting'),
(930, 'দর্শনীয়', 'Spectacular'),
(931, 'স্থান।', 'Place.'),
(932, 'বিহারের', 'Bihar'),
(933, 'নিলে', 'Take out'),
(934, 'প্রথমে', 'At first'),
(935, 'আসে,', 'Comes,'),
(936, 'সর্বজনশ্রদ্ধেয়', 'All respectable'),
(937, 'ভদন্ত', 'Thorn'),
(938, 'সাধনানন্দ', 'Sadhanand'),
(939, 'মহাস্থবির,', 'Mahasthabir,'),
(940, 'যিনি', 'Who'),
(941, 'অসীম', 'Infinite'),
(942, 'কঠোর', 'Strict'),
(943, 'সাধনার', 'Practice'),
(944, 'সম্প্রদায়ের', 'Community'),
(945, 'পরম', 'absolute'),
(946, 'পূজনীয়', 'Worshipful'),
(947, 'আলোকিত', 'Illuminated'),
(948, 'ব্যক্তিত্ব।', 'Personality'),
(949, 'শ্রদ্ধেয়', 'Respectful'),
(950, 'মহাস্থবিরকে', 'Mahasthabir'),
(951, 'সবাই', 'Everyone'),
(952, '‘বনভন্তে’', '\'Banvantte\''),
(953, 'নামে', 'Named'),
(954, 'চেনে', 'Know'),
(955, 'জানে।', 'Knows.'),
(956, 'ভন্তে', 'On the moon'),
(957, 'রোগে', 'Disease'),
(958, 'আক্রান্ত।', 'Attacked.'),
(959, 'দেহত্যাগ', 'Death'),
(960, '(বাঙালি-পাহাড়ি', '(Bengali-hill'),
(961, 'ধর্মাবলম্বী)', 'Religion'),
(962, 'অনেকটা', 'A lot'),
(963, 'অভিভাবকহীন', 'Guardianless'),
(964, 'পড়ব।', 'will read.'),
(965, 'পরিতাপের', 'Regrettably'),
(966, 'বিষয়,', 'Matter,'),
(967, 'স্বার্থান্বেষী', 'Vulnerability'),
(968, 'লোক', 'People'),
(969, 'ভন্তের', 'Fan'),
(970, 'মুঠোফোনে', 'Mobile phone'),
(971, 'মেসেজের', 'Message from'),
(972, 'মাধ্যমে', 'Through'),
(973, 'করেছে।', 'Has done'),
(974, 'হচ্ছে,', 'Being,'),
(975, 'সাত', 'Seven'),
(976, '১১', '১১'),
(977, 'জনের', 'People'),
(978, 'এসএমএসের', 'Sms'),
(979, 'প্রচার', 'Promotion'),
(980, 'মুঠোফোন', 'Mobile phone'),
(981, 'ব্যবহারকারী', 'User'),
(982, 'ব্যক্তিরা', 'People'),
(983, 'বিনাশ', 'Ruin'),
(984, 'যাবে', 'Can be'),
(985, 'মঙ্গল', 'Mars'),
(986, 'নাগরিক', 'Citizen'),
(987, 'মুঠোফোনের', 'Mobile phone'),
(988, 'অপপ্রচারের', 'Propaganda'),
(989, 'তীব্র', 'Intense'),
(990, 'জানাই।', 'Let me know'),
(991, 'কমিটি', 'Committee'),
(992, 'ব্যক্তিদের', 'People'),
(993, 'বন্ধের', 'Closing'),
(994, 'প্রয়োজনীয়', 'Necessary'),
(995, 'নেবে।', 'Take it'),
(996, 'ছাত্র-শিক্ষক', 'Student-teacher'),
(997, 'সম্মান', 'Respect'),
(998, 'প্রদর্শন', 'Display'),
(999, 'আজ', 'Today'),
(1000, 'হারানো', 'Losing'),
(1001, 'ঐতিহ্য', 'Tradition'),
(1002, 'যেন', 'As if'),
(1003, 'ভুলে', 'Forget it'),
(1004, 'যাওয়া', 'Going'),
(1005, 'স্মৃতি', 'Memories'),
(1006, 'হয়তো', 'Maybe'),
(1007, 'ফরাসি', 'French'),
(1008, 'বংশোদ্ভূত', 'Originated'),
(1009, 'আমেরিকান', 'American'),
(1010, 'ইতিহাসবিদ', 'Historians'),
(1011, 'জ্যাক', 'Jack'),
(1012, 'বার্জুন', 'Barzoon'),
(1013, '(Jacques', '(Jacques'),
(1014, 'Barzun)', 'Barzun)'),
(1015, 'আফসোস', 'Regret'),
(1016, '‘শিক্ষকতা', '\'Teaching'),
(1017, 'বিলুপ্ত', 'Extinct'),
(1018, 'শিল্প', 'Art'),
(1019, 'হলেও', 'Though'),
(1020, 'গরিমা', 'Glory'),
(1021, 'ঐতিহ্য’।', 'Heritage \''),
(1022, 'বতর্মান', 'Current'),
(1023, 'প্রেক্ষাপটে', 'In the context'),
(1024, 'তৃতীয়', 'Third'),
(1025, 'বিশ্বের', 'In the world'),
(1026, 'ক্ষুদ্রতম', 'The smallest'),
(1027, 'দেশ', 'Country'),
(1028, 'শিক্ষকেরা', 'Teachers'),
(1029, 'আছেন,', 'There are,'),
(1030, 'জানা', 'Know'),
(1031, 'একদম', 'Completely'),
(1032, 'সহজ।', 'Easy.'),
(1033, 'আর্থিক', 'Financial'),
(1034, 'অনটনে', 'Turn away'),
(1035, 'নুয়ে', 'Nuee'),
(1036, 'পড়া', 'Read'),
(1037, 'শিক্ষক-জাতির', 'Teacher-nation'),
(1038, 'কাঁধে', 'Shoulders'),
(1039, 'দায়িত্ব।', 'Responsibility.'),
(1040, 'রাষ্ট্রের', 'State'),
(1041, 'ভবিষ্যৎ', 'Future'),
(1042, 'কর্ণধার', 'The occupier'),
(1043, 'গড়ার', 'Build'),
(1044, 'পেছনে', 'Behind'),
(1045, 'নির্মাতারা', 'Manufacturers'),
(1046, 'আজীবন', 'Life forever'),
(1047, 'যাচ্ছেন,', 'Going on'),
(1048, 'খবর', 'News'),
(1049, 'রাখে?', 'Keeps it?'),
(1050, 'এখনকার', 'Nowadays'),
(1051, 'বিস্মিত', 'Surprised'),
(1052, 'আধুনিক', 'Modern'),
(1053, 'যুগের', 'Era'),
(1054, 'শিক্ষার্থীরা', 'Students'),
(1055, 'যথোপযুক্ত', 'Appropriate'),
(1056, 'কুণ্ঠাবোধ', 'Confused'),
(1057, 'শিক্ষক', 'Teacher'),
(1058, 'জাতির', 'Nation'),
(1059, 'করুণ', 'Pity'),
(1060, 'জীবনযাপন', 'Living life'),
(1061, 'অক্লান্ত', 'Tireless'),
(1062, 'পরিশ্রমের', 'Hard work'),
(1063, 'স্বীকৃতি', 'Recognition'),
(1064, 'পাওয়ার', 'Power'),
(1065, 'বেদনা', 'Pain'),
(1066, 'মেধাবী', 'Meritorious'),
(1067, 'শিক্ষকতা', 'Teaching'),
(1068, 'পেশায়', 'Profession'),
(1069, 'আসতে', 'Come in'),
(1070, 'অনীহা', 'Reluctant'),
(1071, 'এভাবে', 'Thus'),
(1072, 'প্রজন্ম', 'Generation'),
(1073, 'পেশাকে', 'Profession'),
(1074, 'অবহেলার', 'Negligence'),
(1075, 'দেখে,', 'See,'),
(1076, 'তবে', 'However'),
(1077, 'আগামী', 'Coming next'),
(1078, 'বিনির্মাণের', 'Constructing'),
(1079, 'ভার', 'Load'),
(1080, 'নেবে?', 'Take it?'),
(1081, '(১৯.০১.২০১২)', '(১৯.০১.২০১২)'),
(1082, 'দেশে', 'In the country'),
(1083, 'জাতীয়', 'National'),
(1084, 'দিবস।', 'The day'),
(1085, 'ভাগ', 'Share'),
(1086, 'ছাত্রছাত্রীর', 'Students'),
(1087, 'দিনটি', 'The day'),
(1088, 'অজানা।', 'Unknown'),
(1089, 'শিক্ষার্থীর', 'Student'),
(1090, 'সেতুবন্ধকারী', 'Bridges'),
(1091, 'দিনটির', 'Day of the day'),
(1092, 'যাওয়াটাই', 'Going to'),
(1093, 'প্রমাণ', 'Proof'),
(1094, 'অবস্থা।', 'Status.'),
(1095, 'অন্ধকার', 'Dark'),
(1096, 'দূর', 'Far away'),
(1097, 'আলো', 'Light'),
(1098, 'বিতরণকারী', 'Distributor'),
(1099, 'ধ্রুব', 'Constant'),
(1100, 'শিখা', 'Flame'),
(1101, 'জ্বালানোর', 'To ignite'),
(1102, 'দায়িত্ব', 'Responsibility'),
(1103, 'এগিয়ে', 'Ahead'),
(1104, 'আসা', 'Come'),
(1105, 'কল্যাণে', 'Welfare'),
(1106, 'আশু', 'Sooner'),
(1107, 'কামনা', 'Wish'),
(1108, 'সর্বোচ্চ', 'Max'),
(1109, 'সম্মানে', 'In honor'),
(1110, 'ভূষিত', 'Awarded'),
(1111, 'করতে।', 'To do'),
(1112, 'সনেট', 'Sonnet'),
(1113, 'দেব', 'Dev'),
(1114, 'কলেজ,', 'College,'),
(1115, 'রেলওয়ে', 'Railway'),
(1116, 'পার্শ্ববর্তী', 'Surrounded'),
(1117, 'এলাকায়', 'In the area'),
(1118, 'বৃদ্ধির', 'Growth'),
(1119, 'যানবাহন', 'Vehicles'),
(1120, 'ক্রমান্বয়ে', 'Gradually'),
(1121, 'তীব্রতর', 'Intensely'),
(1122, 'উপরন্তু', 'In addition to this'),
(1123, 'যানজটও', 'Traffic jam'),
(1124, 'নিত্যদিন', 'Daily day'),
(1125, 'ভয়াবহ', 'Horror'),
(1126, 'আকার', 'Size'),
(1127, 'ধারণ', 'Retention'),
(1128, 'রেল', 'Rail'),
(1129, 'মন্ত্রণালয়', 'Ministry'),
(1130, 'জনগণের', 'People\'s'),
(1131, 'সদয়', 'Kind'),
(1132, 'হলে', 'If you'),
(1133, 'অতিসহজেই', 'Very easily'),
(1134, 'সমস্যার', 'Problems'),
(1135, 'অনেকখানি', 'A lot of'),
(1136, 'সমাধান', 'Solution'),
(1137, 'হতো।', 'Would have been'),
(1138, 'লক্ষ্যে', 'To the goal'),
(1139, 'সংক্ষেপে', 'In a nutshell'),
(1140, 'পাঁচটি', 'Five'),
(1141, 'প্রস্তাব', 'Offer'),
(1142, 'সমীপে', 'Near at'),
(1143, 'পেশ', 'Present'),
(1144, 'হলো,', 'That is,'),
(1145, 'স্বল্প', 'Short'),
(1146, 'কম', 'Few'),
(1147, 'অর্থ', 'Money'),
(1148, 'ব্যয়ে', 'The cost'),
(1149, 'বাস্তবায়ন', 'Implementation'),
(1150, 'সম্ভব।', 'Possible'),
(1151, '১.', '১.'),
(1152, 'জয়দেবপুর', 'Joydevpur'),
(1153, 'টঙ্গী', 'Tongi'),
(1154, '১২', '১২'),
(1155, 'কিমি', 'Km'),
(1156, 'দীর্ঘ', 'Long'),
(1157, 'নতুন', 'New'),
(1158, 'ডুয়েল', 'Dual'),
(1159, 'গেজ', 'Gauge'),
(1160, 'কমলাপুর', 'Kamalapur'),
(1161, 'নারায়ণগঞ্জ', 'Narayanganj'),
(1162, '২০', '২০'),
(1163, 'মিটার', 'Meter'),
(1164, 'রেললাইন', 'Railline'),
(1165, 'জরুরি', 'Emergency'),
(1166, 'ভিত্তিতে', 'On the basis'),
(1167, 'স্থাপন।', 'Establish'),
(1168, '২.', '২.'),
(1169, 'প্রচুর', 'Lots of'),
(1170, 'লোকসমাগম', 'Massacre'),
(1171, 'গুরুত্বপূর্ণ', 'Important'),
(1172, 'সংযোগস্থলের', 'Junction'),
(1173, 'ঢাকা-টঙ্গী', 'Dhaka-Tongi'),
(1174, 'রুটে', 'On the route'),
(1175, 'মহাখালী', 'Mohakhali'),
(1176, 'রেলগেট', 'Railwaygate'),
(1177, 'সংলগ্ন', 'Adjoining'),
(1178, 'উত্তর', 'Answer:'),
(1179, 'পাশে', 'Beside'),
(1180, 'ওয়্যারলেস', 'Wireless'),
(1181, 'রেলগেটের', 'Railgate'),
(1182, 'মধ্যবর্তী', 'Intermediate'),
(1183, 'স্থান', 'Place'),
(1184, 'ঢাকা-নারায়ণগঞ্জ', 'Dhaka-Narayanganj'),
(1185, 'জুরাইনে', 'Jurain'),
(1186, 'তিনটি', 'Three'),
(1187, 'সি-গ্রেডের', 'C-grade'),
(1188, 'রেলস্টেশন', 'Railway station'),
(1189, 'নির্মাণ।', 'Construction.'),
(1190, '৩.', '৩.'),
(1191, 'রেলস্টেশনকে', 'Railway station'),
(1192, 'বাইপাস', 'Bypass'),
(1193, 'পূর্বাঞ্চল', 'Eastern region'),
(1194, 'পশ্চিমাঞ্চলে', 'In the west'),
(1195, 'আগরতলা-কলকাতা', 'Agartala-Calcutta'),
(1196, '(ভায়া-পুবাইল,', '(Via-Pubail,'),
(1197, 'জয়দেবপুর)', 'Joydevpur)'),
(1198, 'দ্রুত', 'Fast'),
(1199, 'যোগাযোগের', 'Communication'),
(1200, 'পুবাইল', 'Pubail'),
(1201, 'ধীরাশ্রম', 'Dhirashram'),
(1202, 'আট', 'Eight'),
(1203, '৪.', '৪.'),
(1204, 'আখাউড়া-ঈশ্বরদী', 'Akhaura-Ishwardi'),
(1205, 'ঈশ্বরদী-আখাউড়া', 'Ishwardi-Akhaura'),
(1206, 'ভায়া', 'Brother'),
(1207, '(পুবাইল', '(Pubail'),
(1208, 'স্থাপন', 'Establish'),
(1209, 'হওয়া', 'To be'),
(1210, 'পর্যন্ত)', 'Till)'),
(1211, 'প্রতিদিন', 'Every day'),
(1212, 'জোড়া', 'Pair'),
(1213, 'ট্রেন', 'Train'),
(1214, 'চালু', 'Turn on'),
(1215, 'করা।', 'Be done'),
(1216, '৫.', '৫.'),
(1217, 'ঢাকা-জয়দেবপুর', 'Dhaka-Joydevpur'),
(1218, 'উপরিউক্ত', 'Above mentioned'),
(1219, 'প্রস্তাবসমূহ', 'Proposals'),
(1220, 'ক্রমিকসংখ্যা', 'Serial number'),
(1221, 'অনুযায়ী', 'According to'),
(1222, 'জরুরিভাবে', 'Urgently'),
(1223, 'সংকট', 'Crisis'),
(1224, 'নিরসনে', 'Resolved'),
(1225, 'বৈপ্লবিক', 'Revolutionary'),
(1226, 'পরিবর্তন', 'Change'),
(1227, 'আসবে।', 'Come on.'),
(1228, 'যেমন', 'Such as'),
(1229, 'খরচে', 'At the cost'),
(1230, 'যাতায়াত', 'Commute'),
(1231, 'পারবে,', 'Able to'),
(1232, 'বাসমালিকদের', 'Bus owners'),
(1233, 'একচেটিয়া', 'Exclusive'),
(1234, 'ব্যবসায়ও', 'Business too'),
(1235, 'ভাটা', 'Bhata'),
(1236, 'কড়বে।', 'Bite'),
(1237, 'গভীরভাবে', 'Deeply'),
(1238, 'অনুধাবনপূর্বক', 'Understanding'),
(1239, 'রেলমন্ত্রী', 'Railway Minister'),
(1240, 'মহোদয়কে', 'Mrodayake'),
(1241, 'বিশেষভাবে', 'Specially'),
(1242, 'হলো।', 'That\'s it.'),
(1243, 'ডা.', 'Dr.'),
(1244, 'আশরাফ', 'Ashraf'),
(1245, 'হোসেন', 'Hossain'),
(1246, 'গাজী', 'Gazi'),
(1247, 'জয়দেবপুর,', 'Joydevpur,'),
(1248, 'গাজীপুর।', 'Gazipur'),
(1249, 'স্বামী', 'Husband'),
(1250, 'শহীদ', 'Martyr'),
(1251, 'নুরুল', 'Nurul'),
(1252, 'ইসলাম', 'Islam'),
(1253, '(পিতা-', '(Father-'),
(1254, 'মৃত', 'Dead'),
(1255, 'লুৎফল', 'Lutfle'),
(1256, 'করিম,', 'Karim,'),
(1257, 'সাং-', 'Sung-'),
(1258, 'চরলক্ষ্মী,', 'Charlaksmi,'),
(1259, 'ডাকঘর-', 'Post office'),
(1260, 'রামগতির', 'Ramgati'),
(1261, 'হাট,', 'Hats,'),
(1262, 'উপজেলা-', 'Upazila-'),
(1263, 'রামগতি,', 'Ramgati,'),
(1264, 'জেলা-', 'District-'),
(1265, 'লক্ষ্মীপুর)', 'Lakshmipur)'),
(1266, 'পিলখানায়', 'Peelkhana'),
(1267, 'বিডিআর', 'BDR'),
(1268, 'বিজিপি', 'BGP'),
(1269, 'সদর', 'Headquarters'),
(1270, 'দপ্তরে', 'At the office'),
(1271, 'সুবেদার', 'Subeder'),
(1272, 'মেজর', 'Major'),
(1273, 'কর্মরত', 'Working'),
(1274, 'ছিলেন।', 'Was there.'),
(1275, '২০০৯', '২০০৯'),
(1276, 'সালের', 'Of the year'),
(1277, 'বিদ্রোহের', 'Rebellion'),
(1278, 'বিদ্রোহে', 'Rebellion'),
(1279, 'বাধা', 'Obstacle'),
(1280, 'দেওয়ায়', 'Given by'),
(1281, 'বিদ্রোহীরা', 'Rebels'),
(1282, 'নৃসংশভাবে', 'Seriously'),
(1283, 'হত্যা', 'Kill'),
(1284, 'গণকবরে', 'Mass grave'),
(1285, 'পুঁতে', 'The buttocks'),
(1286, 'রাখে।', 'Keeps it'),
(1287, 'পরে', 'Afterwards'),
(1288, 'মেডিকেল', 'Medical'),
(1289, 'কলেজ', 'College'),
(1290, 'মর্গ', 'Morgue'),
(1291, 'গ্রামের', 'The village'),
(1292, 'বাড়িতে', 'At home'),
(1293, 'রাষ্ট্রীয়', 'State'),
(1294, 'মর্যাদা', 'Dignity'),
(1295, 'ছাড়াই', 'Without'),
(1296, 'দাফন', 'Burial'),
(1297, 'করি।', 'Do'),
(1298, 'আগস্ট', 'August'),
(1299, 'নির্দেশে', 'On the instructions'),
(1300, 'বিডিআরের', 'BDR'),
(1301, 'কুমিল্লা', 'Comilla'),
(1302, 'সেক্টরের', 'Sector'),
(1303, 'কমান্ডার', 'Commander'),
(1304, 'কর্নেল', 'The colonel'),
(1305, 'মির্জা', 'Mirza'),
(1306, 'এজাজুর', 'Egazur'),
(1307, 'রহমানের', 'Rahman'),
(1308, 'নেতৃত্বে', 'Led'),
(1309, 'সমাধিতে', 'In the tomb'),
(1310, 'গার্ড', 'Guard'),
(1311, 'অব', 'Of'),
(1312, 'অনার', 'Honor'),
(1313, 'জানানো', 'Told'),
(1314, 'মহাপরিচালকের', 'Director General'),
(1315, 'পক্ষ', 'Party'),
(1316, 'থেকেও', 'From'),
(1317, 'পুষ্পস্তবক', 'Wreaths'),
(1318, 'অর্পণ', 'Delivering'),
(1319, 'করেন।', 'Do it.'),
(1320, 'অত্যন্ত', 'Extremely'),
(1321, 'সৎ', 'Honest'),
(1322, 'দুইবার', 'Twice'),
(1323, 'নদীভাঙনের', 'River erosion'),
(1324, 'জীবিত', 'Living'),
(1325, 'থাকা', 'Stay'),
(1326, 'অবস্থায়', 'In condition'),
(1327, 'বেতনের', 'Salary'),
(1328, 'টাকা', 'Money'),
(1329, 'কষ্টের', 'Hardship'),
(1330, 'জীবিকা', 'Livelihood'),
(1331, 'নির্বাহ', 'Execution'),
(1332, 'করতাম।', 'Did it'),
(1333, 'সন্তানদের', 'Children'),
(1334, 'ভবিষ্যতের', 'The future'),
(1335, 'অর্থসম্পদ', 'Money'),
(1336, 'রেখে', 'Leaving'),
(1337, 'পারেননি।', 'Could not'),
(1338, 'পেনশনের', 'Pension'),
(1339, 'ঋণকৃত', 'Loaned'),
(1340, 'মাসিক', 'Monthly'),
(1341, 'প্রধানমন্ত্রী,', 'The Prime Minister,'),
(1342, 'সেনাকর্মকর্তাদের', 'Army officers'),
(1343, 'পরিবারের', 'Family'),
(1344, 'আপনি', 'You'),
(1345, 'সাহায্য', 'Help'),
(1346, 'সহানুভূতির', 'Sympathy'),
(1347, 'হাত', 'Hand'),
(1348, 'বাড়িয়ে', 'Increasingly'),
(1349, 'দিয়েছেন।', 'Gave.'),
(1350, 'পুনর্বাসনের', 'Rehabilitation'),
(1351, 'ব্যবস্থাও', 'Arrangement'),
(1352, 'ঘোষিত', 'Declared'),
(1353, 'ব্যাংকমালিকদের', 'Bank owners'),
(1354, 'সংগঠনের', 'The organization'),
(1355, 'গৃহীত', 'Accepted'),
(1356, 'সুযোগ-সুবিধা', 'Facilities'),
(1357, 'পাইনি।', 'Did not get it.'),
(1358, 'অসহায়', 'Helpless'),
(1359, 'নিরুপায়।', 'Indefinitely'),
(1360, 'দৈনন্দিন', 'Everyday'),
(1361, 'জীবন', 'Life'),
(1362, 'নির্বাহের', 'Execution'),
(1363, 'সুবিধার্থে', 'Convenience'),
(1364, 'আপনার', 'Your'),
(1365, 'সহযোগিতা', 'Cooperation'),
(1366, 'আমাকেও', 'Me too'),
(1367, 'প্রদানের', 'Payment'),
(1368, 'বিনীত', 'Regards'),
(1369, 'আবেদন', 'Apply'),
(1370, 'ছাত্রী', 'Student'),
(1371, 'হল', 'Is it'),
(1372, 'চাই', 'Want to'),
(1373, 'শেরেবাংলা', 'Sher-e-Bangla'),
(1374, 'কৃষি', 'Agriculture'),
(1375, 'বিশ্ববিদ্যালয়', 'The university'),
(1376, 'চারটি', 'Four'),
(1377, 'বিশ্ববিদ্যালয়ের', 'University\'s'),
(1378, 'দ্বিতীয়', 'Second'),
(1379, 'অবস্থানে', 'In position'),
(1380, 'রয়েছে।', 'There are also.'),
(1381, 'ঢাকার', 'Dhaka'),
(1382, 'ব্যস্ততম', 'The busiest'),
(1383, 'পরিচিত', 'Known'),
(1384, 'নগরে', 'In town'),
(1385, 'বিশ্ববিদ্যালয়টি', 'The university'),
(1386, 'অবস্থিত।', 'Located.'),
(1387, '২০০১', '২০০১'),
(1388, 'সালে', 'In'),
(1389, 'এটি', 'It\'s'),
(1390, 'যাত্রা', 'Journey'),
(1391, 'এখানে', 'Here'),
(1392, 'ছাত্র', 'Students'),
(1393, 'দুঃখের', 'Sadness'),
(1394, 'সত্যি', 'Really'),
(1395, 'এক-তৃতীয়াংশ', 'One-third'),
(1396, 'রয়েছে', 'There are also'),
(1397, 'মাত্র', 'Just'),
(1398, 'বরাদ্দ', 'Allocation'),
(1399, '২০১০', '২০১০'),
(1400, 'বাজেটে', 'In the budget'),
(1401, 'আরেকটি', 'Another one'),
(1402, 'হলের', 'Hall'),
(1403, 'কার্যকর', 'Effective'),
(1404, 'অর্ধেক', 'Half'),
(1405, 'মেয়েকেই', 'The girl'),
(1406, 'লাইব্রেরিতে', 'In the library'),
(1407, 'মানবেতর', 'Manbeater'),
(1408, 'অবস্থা', 'Status'),
(1409, 'এতটাই', 'So much so'),
(1410, 'খারাপ', 'Bad'),
(1411, 'প্রচণ্ড', 'Fierce'),
(1412, 'শীতে', 'In winter'),
(1413, 'মেয়েদের', 'Girls'),
(1414, 'মেঝেতে', 'On the floor'),
(1415, 'বিছানা', 'Bed'),
(1416, 'থাকতে', 'Stay in'),
(1417, 'বেদনাদায়ক।', 'Painful.'),
(1418, 'রিডিংরুম,', 'Reading room,'),
(1419, 'ডাইনিং', 'Dining'),
(1420, 'পর্যাপ্ত', 'Enough'),
(1421, 'পরিমাণ', 'Quantity'),
(1422, 'বাথরুমের', 'Bathroom'),
(1423, 'করছি,', 'I\'m doing'),
(1424, 'ছাত্রীদের', 'Students'),
(1425, 'রক্ষা', 'Protect'),
(1426, 'করুন', 'Please'),
(1427, 'আবাসিক', 'Residential'),
(1428, 'নির্মাণ', 'Construction'),
(1429, 'উজ্জ্বল', 'Bright'),
(1430, 'নিশ্চিত', 'Sure'),
(1431, 'করুন।', 'Please.'),
(1432, 'জয়তী', 'Jayati'),
(1433, 'পাল', 'Flock'),
(1434, 'বিশ্ববিদ্যালয়,', 'Universities,'),
(1435, 'ঢাকা।', 'Dhaka'),
(1436, 'রেলপথ', 'Railway'),
(1437, 'জনবহুল', 'Populated'),
(1438, 'রাজধানী।', 'The capital.'),
(1439, 'কাজে', 'Work in'),
(1440, 'ঢাকায়', 'In Dhaka'),
(1441, 'বসবাস', 'Living'),
(1442, 'তেমনি', 'Likewise'),
(1443, 'উত্তরাঞ্চলের', 'Northern'),
(1444, 'অনেকে', 'Many'),
(1445, 'চাকরি,', 'Job,'),
(1446, 'লেখাপড়া', 'Study'),
(1447, 'প্রভৃতি', 'Etc.'),
(1448, 'ভাগই', 'Share'),
(1449, 'রেলপথে', 'Railroad'),
(1450, 'বগুড়া', 'Bogra'),
(1451, 'সিরাজগঞ্জ', 'Sirajganj'),
(1452, 'থাকায়', 'Due to'),
(1453, 'ঢাকাগামী', 'Dhaka-bound'),
(1454, 'রংপুর,', 'Rangpur,'),
(1455, 'লালমনিরহাট,', 'Lalmonirhat,'),
(1456, 'গাইবান্ধা', 'Gaibandha'),
(1457, 'জেলার', 'District'),
(1458, 'কষ্ট', 'Trouble'),
(1459, 'পোহাতে', 'Pohate'),
(1460, 'অঞ্চলের', 'Region'),
(1461, 'অনর্থক', 'Useless'),
(1462, 'সান্তাহার,', 'Santhara,'),
(1463, 'নাটোর,', 'Natore,'),
(1464, 'পাবনা', 'Pabna'),
(1465, 'ঘুরে', 'Turn around'),
(1466, 'লালমনিরহাট', 'Lalmonirhat'),
(1467, '১৩', '১৩'),
(1468, 'ঘণ্টা।', 'Bell'),
(1469, 'যাত্রীকে', 'The passenger'),
(1470, 'দুর্ভোগে', 'Woe to'),
(1471, 'পড়তে', 'To read'),
(1472, 'অপরদিকে', 'On the other hand'),
(1473, 'গন্তব্যস্থলে', 'Destinations'),
(1474, 'দেরি', 'Late'),
(1475, 'পৌঁছায়', 'Reach'),
(1476, 'ছাড়তে', 'To leave'),
(1477, 'নির্দিষ্ট', 'Specific'),
(1478, 'ট্রেনগুলো', 'Trains'),
(1479, 'সপ্তাহের', 'Of the week'),
(1480, 'শেষের', 'The end'),
(1481, 'এ', 'At'),
(1482, 'অসচেতনতা', 'Unconsciousness'),
(1483, 'যাচ্ছি', 'I\'m going'),
(1484, 'আসুন', 'Come on'),
(1485, 'মো', 'Md'),
(1486, 'রহমান', 'Stainless Steel'),
(1487, 'নওগাঁ', 'Naogaon'),
(1488, 'জনপ্রতিনিধি', 'Public representatives'),
(1489, 'পেরেছি', 'Made it possible'),
(1490, 'হয়নি', 'Not done'),
(1491, 'নেতাকর্মীদের', 'Leaders and workers'),
(1492, 'জানাচ্ছি', 'Let me know'),
(1493, 'তালেব', 'Taleb');

-- --------------------------------------------------------

--
-- Table structure for table `word_pos_tag`
--

CREATE TABLE `word_pos_tag` (
  `bangla_word` varchar(100) CHARACTER SET utf8 NOT NULL,
  `pos_tag_bangla` varchar(100) CHARACTER SET utf8 NOT NULL,
  `pos_tag_english` varchar(100) CHARACTER SET utf8 NOT NULL
) ENGINE=InnoDB DEFAULT CHARSET=latin1;

--
-- Dumping data for table `word_pos_tag`
--

INSERT INTO `word_pos_tag` (`bangla_word`, `pos_tag_bangla`, `pos_tag_english`) VALUES
('﻿এ', 'অব্যয়', 'IN'),
('সবই', 'বিশেষণ', 'PDT'),
('আমাদের', 'সর্বনাম', 'PRP'),
('বদভ্যাস', 'বিশেষ্য', 'NNP'),
('অসচেতনতা', 'বিশেষ্য', 'NN'),
('এমনিতেই', 'অব্যয়', 'DT'),
('আমরা', 'সর্বনাম', 'PRP'),
('প্রাকৃতিক', 'বিশেষণ', 'JJ'),
('পরিবেশকে', 'বিশেষ্য', 'NN'),
('ধ্বংস', 'বিশেষ্য', 'NN'),
('করার', 'অব্যয়', 'TO'),
('জন্য', 'অব্যয়', 'IN'),
('সব', 'বিশেষ্য', 'NN'),
('রকম', 'বিশেষ্য', 'NNP'),
('চেষ্টা', 'ক্রিয়া', 'VB'),
('করে', 'ক্রিয়া', 'VB'),
('আসলে', 'বিশেষণ', 'RB'),
('আমাদেরই', 'বিশেষ্য', 'NNS'),
('ক্ষতি', 'বিশেষ্য', 'NN'),
('করছে', 'ক্রিয়া', 'VBZ'),
('সামান্য', 'বিশেষণ', 'JJ'),
('হোক', 'বিশেষণ', 'UH'),
('আসুন', 'ক্রিয়া', 'VBN'),
('আপনাকে', 'সর্বনাম', 'PRP'),
('দিয়েই', 'অব্যয়', 'IN'),
('শুরু', 'বিশেষ্য', 'NN'),
('সচেতনতার', 'বিশেষ্য', 'NN'),
('প্রথম', 'অব্যয়', 'DT'),
('পদক্ষেপ', 'বিশেষ্য', 'NN'),
('যার', 'ক্রিয়া', 'VB'),
('সম্মিলনে', 'বিশেষণ', 'RB'),
('সাধিত', 'ক্রিয়া', 'VBN'),
('হবে', 'ক্রিয়া', 'MD'),
('অনেক', 'বিশেষণ', 'JJ'),
('বড়', 'বিশেষণ', 'JJ'),
('কোনো', 'অব্যয়', 'DT'),
('কাজ', 'বিশেষ্য', 'NN'),
('প্রতিবাদ', 'বিশেষ্য', 'NN');

--
-- Indexes for dumped tables
--

--
-- Indexes for table `auth_group`
--
ALTER TABLE `auth_group`
  ADD PRIMARY KEY (`id`),
  ADD UNIQUE KEY `name` (`name`);

--
-- Indexes for table `auth_group_permissions`
--
ALTER TABLE `auth_group_permissions`
  ADD PRIMARY KEY (`id`),
  ADD UNIQUE KEY `auth_group_permissions_group_id_permission_id_0cd325b0_uniq` (`group_id`,`permission_id`),
  ADD KEY `auth_group_permissio_permission_id_84c5c92e_fk_auth_perm` (`permission_id`);

--
-- Indexes for table `auth_permission`
--
ALTER TABLE `auth_permission`
  ADD PRIMARY KEY (`id`),
  ADD UNIQUE KEY `auth_permission_content_type_id_codename_01ab375a_uniq` (`content_type_id`,`codename`);

--
-- Indexes for table `auth_user`
--
ALTER TABLE `auth_user`
  ADD PRIMARY KEY (`id`),
  ADD UNIQUE KEY `username` (`username`);

--
-- Indexes for table `auth_user_groups`
--
ALTER TABLE `auth_user_groups`
  ADD PRIMARY KEY (`id`),
  ADD UNIQUE KEY `auth_user_groups_user_id_group_id_94350c0c_uniq` (`user_id`,`group_id`),
  ADD KEY `auth_user_groups_group_id_97559544_fk_auth_group_id` (`group_id`);

--
-- Indexes for table `auth_user_user_permissions`
--
ALTER TABLE `auth_user_user_permissions`
  ADD PRIMARY KEY (`id`),
  ADD UNIQUE KEY `auth_user_user_permissions_user_id_permission_id_14a6b632_uniq` (`user_id`,`permission_id`),
  ADD KEY `auth_user_user_permi_permission_id_1fbb5f2c_fk_auth_perm` (`permission_id`);

--
-- Indexes for table `compactword`
--
ALTER TABLE `compactword`
  ADD PRIMARY KEY (`id`);

--
-- Indexes for table `core_document`
--
ALTER TABLE `core_document`
  ADD PRIMARY KEY (`id`);

--
-- Indexes for table `countword`
--
ALTER TABLE `countword`
  ADD PRIMARY KEY (`id`);

--
-- Indexes for table `django_admin_log`
--
ALTER TABLE `django_admin_log`
  ADD PRIMARY KEY (`id`),
  ADD KEY `django_admin_log_content_type_id_c4bce8eb_fk_django_co` (`content_type_id`),
  ADD KEY `django_admin_log_user_id_c564eba6_fk_auth_user_id` (`user_id`);

--
-- Indexes for table `django_content_type`
--
ALTER TABLE `django_content_type`
  ADD PRIMARY KEY (`id`),
  ADD UNIQUE KEY `django_content_type_app_label_model_76bd3d3b_uniq` (`app_label`,`model`);

--
-- Indexes for table `django_migrations`
--
ALTER TABLE `django_migrations`
  ADD PRIMARY KEY (`id`);

--
-- Indexes for table `django_session`
--
ALTER TABLE `django_session`
  ADD PRIMARY KEY (`session_key`),
  ADD KEY `django_session_expire_date_a5c62663` (`expire_date`);

--
-- Indexes for table `permwordmeaning`
--
ALTER TABLE `permwordmeaning`
  ADD PRIMARY KEY (`id`);

--
-- AUTO_INCREMENT for dumped tables
--

--
-- AUTO_INCREMENT for table `auth_group`
--
ALTER TABLE `auth_group`
  MODIFY `id` int(11) NOT NULL AUTO_INCREMENT;
--
-- AUTO_INCREMENT for table `auth_group_permissions`
--
ALTER TABLE `auth_group_permissions`
  MODIFY `id` int(11) NOT NULL AUTO_INCREMENT;
--
-- AUTO_INCREMENT for table `auth_permission`
--
ALTER TABLE `auth_permission`
  MODIFY `id` int(11) NOT NULL AUTO_INCREMENT, AUTO_INCREMENT=22;
--
-- AUTO_INCREMENT for table `auth_user`
--
ALTER TABLE `auth_user`
  MODIFY `id` int(11) NOT NULL AUTO_INCREMENT;
--
-- AUTO_INCREMENT for table `auth_user_groups`
--
ALTER TABLE `auth_user_groups`
  MODIFY `id` int(11) NOT NULL AUTO_INCREMENT;
--
-- AUTO_INCREMENT for table `auth_user_user_permissions`
--
ALTER TABLE `auth_user_user_permissions`
  MODIFY `id` int(11) NOT NULL AUTO_INCREMENT;
--
-- AUTO_INCREMENT for table `compactword`
--
ALTER TABLE `compactword`
  MODIFY `id` int(30) NOT NULL AUTO_INCREMENT, AUTO_INCREMENT=271;
--
-- AUTO_INCREMENT for table `core_document`
--
ALTER TABLE `core_document`
  MODIFY `id` int(11) NOT NULL AUTO_INCREMENT;
--
-- AUTO_INCREMENT for table `django_admin_log`
--
ALTER TABLE `django_admin_log`
  MODIFY `id` int(11) NOT NULL AUTO_INCREMENT;
--
-- AUTO_INCREMENT for table `django_content_type`
--
ALTER TABLE `django_content_type`
  MODIFY `id` int(11) NOT NULL AUTO_INCREMENT, AUTO_INCREMENT=8;
--
-- AUTO_INCREMENT for table `django_migrations`
--
ALTER TABLE `django_migrations`
  MODIFY `id` int(11) NOT NULL AUTO_INCREMENT, AUTO_INCREMENT=16;
--
-- Constraints for dumped tables
--

--
-- Constraints for table `auth_group_permissions`
--
ALTER TABLE `auth_group_permissions`
  ADD CONSTRAINT `auth_group_permissio_permission_id_84c5c92e_fk_auth_perm` FOREIGN KEY (`permission_id`) REFERENCES `auth_permission` (`id`),
  ADD CONSTRAINT `auth_group_permissions_group_id_b120cbf9_fk_auth_group_id` FOREIGN KEY (`group_id`) REFERENCES `auth_group` (`id`);

--
-- Constraints for table `auth_permission`
--
ALTER TABLE `auth_permission`
  ADD CONSTRAINT `auth_permission_content_type_id_2f476e4b_fk_django_co` FOREIGN KEY (`content_type_id`) REFERENCES `django_content_type` (`id`);

--
-- Constraints for table `auth_user_groups`
--
ALTER TABLE `auth_user_groups`
  ADD CONSTRAINT `auth_user_groups_group_id_97559544_fk_auth_group_id` FOREIGN KEY (`group_id`) REFERENCES `auth_group` (`id`),
  ADD CONSTRAINT `auth_user_groups_user_id_6a12ed8b_fk_auth_user_id` FOREIGN KEY (`user_id`) REFERENCES `auth_user` (`id`);

--
-- Constraints for table `auth_user_user_permissions`
--
ALTER TABLE `auth_user_user_permissions`
  ADD CONSTRAINT `auth_user_user_permi_permission_id_1fbb5f2c_fk_auth_perm` FOREIGN KEY (`permission_id`) REFERENCES `auth_permission` (`id`),
  ADD CONSTRAINT `auth_user_user_permissions_user_id_a95ead1b_fk_auth_user_id` FOREIGN KEY (`user_id`) REFERENCES `auth_user` (`id`);

--
-- Constraints for table `django_admin_log`
--
ALTER TABLE `django_admin_log`
  ADD CONSTRAINT `django_admin_log_content_type_id_c4bce8eb_fk_django_co` FOREIGN KEY (`content_type_id`) REFERENCES `django_content_type` (`id`),
  ADD CONSTRAINT `django_admin_log_user_id_c564eba6_fk_auth_user_id` FOREIGN KEY (`user_id`) REFERENCES `auth_user` (`id`);
COMMIT;

/*!40101 SET CHARACTER_SET_CLIENT=@OLD_CHARACTER_SET_CLIENT */;
/*!40101 SET CHARACTER_SET_RESULTS=@OLD_CHARACTER_SET_RESULTS */;
/*!40101 SET COLLATION_CONNECTION=@OLD_COLLATION_CONNECTION */;
